Index,Wert
1,13.0
2,11.0
3,12.0
4,13.0
5,14.0
6,13.0
7,13.0
8,13.0
9,12.0
10,12.0
11,11.0
12,12.0
13,18.0
14,15.0
15,21.0
16,22.0
17,22.0
18,28.0
19,24.0
20,23.0
21,18.0
22,21.0
23,24.0
24,17.0
25,28.0
26,21.0
27,28.0
28,23.0
29,26.0
30,24.0
31,31.0
32,24.0
33,24.0
34,21.0
35,24.0
36,22.0
37,24.0
38,21.0
39,23.0
40,21.0
41,21.0
42,20.0
43,18.0
44,12.0
45,26.0
46,22.0
47,25.0
48,25.0
49,21.0
50,27.0
51,24.0
52,29.0
53,20.0
54,19.0
55,20.0
56,23.0
57,36.0
58,31.0
59,32.0
60,33.0
61,34.0
62,36.0
63,27.0
64,26.0
65,27.0
66,27.0
67,30.0
68,27.0
69,23.0
70,21.0
71,13.0
72,16.0
73,34.0
74,33.0
75,34.0
76,35.0
77,37.0
78,40.0
79,42.0
80,45.0
81,38.0
82,36.0
83,40.0
84,41.0
85,38.0
86,44.0
87,40.0
88,29.0
89,31.0
90,34.0
91,39.0
92,36.0
93,36.0
94,40.0
95,35.0
96,36.0
97,44.0
98,46.0
99,46.0
100,52.0
101,45.0
102,40.0
103,46.0
104,46.0
105,46.0
106,55.0
107,46.0
108,39.0
109,40.0
110,44.0
111,43.0
112,40.0
113,35.0
114,35.0
115,39.0
116,41.0
117,43.0
118,44.0
119,53.0
120,44.0
121,39.0
122,52.0
123,49.0
124,48.0
125,50.0
126,38.0
127,39.0
128,46.0
129,44.0
130,53.0
131,48.0
132,39.0
133,38.0
134,38.0
135,39.0
136,38.0
137,44.0
138,37.0
139,45.0
140,43.0
141,48.0
142,48.0
143,50.0
144,41.0
145,43.0
146,48.0
147,51.0
148,57.0
149,51.0
150,43.0
151,51.0
152,50.0
153,48.0
154,51.0
155,42.0
156,36.0
157,43.0
158,45.0
159,43.0
160,49.0
161,46.0
162,47.0
163,50.0
164,53.0
165,50.0
166,46.0
167,49.0
168,47.0
169,47.0
170,49.0
171,50.0
172,49.0
173,46.0
174,48.0
175,49.0
176,46.0
177,46.0
178,45.0
179,37.0
180,32.0
181,29.0
182,28.0
183,20.0
184,32.0
185,24.0
186,36.0
187,32.0
188,24.0
189,26.0
190,52.0
191,48.0
192,58.0
193,56.0
194,49.0
195,48.0
196,45.0
197,45.0
198,45.0
199,39.0
200,42.0
201,43.0
202,41.0
203,41.0
204,43.0
205,32.0
206,21.0
207,30.0
208,34.0
209,31.0
210,30.0
211,35.0
212,22.0
213,53.0
214,37.0
215,39.0
216,43.0
217,47.0
218,51.0
219,48.0
220,47.0
221,53.0
222,55.0
223,55.0
224,51.0
225,43.0
226,51.0
227,55.0
228,55.0
229,56.0
230,49.0
231,47.0
232,46.0
233,47.0
234,46.0
235,51.0
236,45.0
237,47.0
238,48.0
239,43.0
240,36.0
241,35.0
242,35.0
243,30.0
244,24.0
245,30.0
246,34.0
247,43.0
248,36.0
249,40.0
250,30.0
251,40.0
252,43.0
253,42.0
254,40.0
255,45.0
256,45.0
257,36.0
258,41.0
259,33.0
260,32.0
261,31.0
262,47.0
263,58.0
264,53.0
265,52.0
266,55.0
267,61.0
268,56.0
269,53.0
270,51.0
271,45.0
272,48.0
273,48.0
274,46.0
275,46.0
276,48.0
277,49.0
278,51.0
279,52.0
280,53.0
281,56.0
282,48.0
283,54.0
284,54.0
285,52.0
286,54.0
287,54.0
288,50.0
289,48.0
290,47.0
291,48.0
292,43.0
293,44.0
294,41.0
295,33.0
296,31.0
297,31.0
298,32.0
299,46.0
300,57.0
301,61.0
302,55.0
303,50.0
304,50.0
305,53.0
306,62.0
307,54.0
308,47.0
309,53.0
310,48.0
311,50.0
312,52.0
313,45.0
314,47.0
315,51.0
316,49.0
317,55.0
318,48.0
319,54.0
320,50.0
321,54.0
322,55.0
323,52.0
324,52.0
325,56.0
326,52.0
327,51.0
328,50.0
329,48.0
330,48.0
331,48.0
332,49.0
333,45.0
334,39.0
335,30.0
336,26.0
337,25.0
338,29.0
339,26.0
340,36.0
341,30.0
342,24.0
343,33.0
344,48.0
345,47.0
346,57.0
347,53.0
348,50.0
349,49.0
350,46.0
351,47.0
352,43.0
353,39.0
354,32.0
355,35.0
356,34.0
357,30.0
358,25.0
359,31.0
360,25.0
361,29.0
362,26.0
363,48.0
364,48.0
365,55.0
366,51.0
367,47.0
368,47.0
369,47.0
370,46.0
371,44.0
372,38.0
373,34.0
374,26.0
375,26.0
376,27.0
377,36.0
378,31.0
379,39.0
380,32.0
381,25.0
382,35.0
383,32.0
384,46.0
385,45.0
386,41.0
387,34.0
388,33.0
389,35.0
390,25.0
391,31.0
392,28.0
393,33.0
394,27.0
395,37.0
396,35.0
397,47.0
398,58.0
399,51.0
400,51.0
401,47.0
402,53.0
403,59.0
404,50.0
405,44.0
406,50.0
407,50.0
408,47.0
409,46.0
410,41.0
411,44.0
412,46.0
413,45.0
414,43.0
415,43.0
416,39.0
417,42.0
418,39.0
419,33.0
420,25.0
421,22.0
422,41.0
423,38.0
424,35.0
425,33.0
426,35.0
427,32.0
428,26.0
429,26.0
430,37.0
431,37.0
432,29.0
433,26.0
434,20.0
435,17.0
436,34.0
437,30.0
438,35.0
439,29.0
440,27.0
441,24.0
442,45.0
443,48.0
444,48.0
445,45.0
446,41.0
447,39.0
448,35.0
449,28.0
450,25.0
451,21.0
452,25.0
453,35.0
454,35.0
455,46.0
456,34.0
457,24.0
458,34.0
459,34.0
460,31.0
461,41.0
462,45.0
463,40.0
464,37.0
465,29.0
466,26.0
467,34.0
468,48.0
469,45.0
470,44.0
471,45.0
472,44.0
473,45.0
474,52.0
475,41.0
476,35.0
477,35.0
478,35.0
479,41.0
480,41.0
481,53.0
482,52.0
483,43.0
484,44.0
485,44.0
486,45.0
487,44.0
488,42.0
489,39.0
490,41.0
491,45.0
492,47.0
493,52.0
494,50.0
495,50.0
496,52.0
497,56.0
498,50.0
499,47.0
500,45.0
501,48.0
502,52.0
503,51.0
504,47.0
505,43.0
506,42.0
507,36.0
508,32.0
509,31.0
510,28.0
511,19.0
512,27.0
513,20.0
514,38.0
515,29.0
516,22.0
517,20.0
518,47.0
519,40.0
520,35.0
521,24.0
522,26.0
523,16.0
524,38.0
525,34.0
526,30.0
527,22.0
528,18.0
529,30.0
530,41.0
531,46.0
532,42.0
533,35.0
534,29.0
535,27.0
536,27.0
537,26.0
538,39.0
539,32.0
540,34.0
541,38.0
542,32.0
543,28.0
544,31.0
545,32.0
546,22.0
547,27.0
548,29.0
549,23.0
550,25.0
551,27.0
552,39.0
553,37.0
554,37.0
555,26.0
556,21.0
557,39.0
558,50.0
559,53.0
560,53.0
561,53.0
562,45.0
563,45.0
564,47.0
565,42.0
566,41.0
567,41.0
568,39.0
569,32.0
570,36.0
571,27.0
572,27.0
573,21.0
574,22.0
575,33.0
576,25.0
577,23.0
578,26.0
579,34.0
580,32.0
581,47.0
582,43.0
583,41.0
584,32.0
585,22.0
586,29.0
587,26.0
588,26.0
589,30.0
590,27.0
591,19.0
592,17.0
593,22.0
594,38.0
595,29.0
596,24.0
597,36.0
598,39.0
599,29.0
600,38.0
601,43.0
602,42.0
603,36.0
604,29.0
605,21.0
606,40.0
607,31.0
608,32.0
609,38.0
610,34.0
611,30.0
612,23.0
613,31.0
614,56.0
615,49.0
616,45.0
617,42.0
618,48.0
619,46.0
620,45.0
621,44.0
622,36.0
623,34.0
624,33.0
625,39.0
626,47.0
627,40.0
628,44.0
629,52.0
630,52.0
631,55.0
632,53.0
633,52.0
634,52.0
635,52.0
636,52.0
637,57.0
638,52.0
639,48.0
640,37.0
641,47.0
642,46.0
643,46.0
644,52.0
645,46.0
646,45.0
647,49.0
648,51.0
649,50.0
650,48.0
651,40.0
652,43.0
653,38.0
654,29.0
655,30.0
656,28.0
657,25.0
658,54.0
659,40.0
660,37.0
661,37.0
662,35.0
663,36.0
664,33.0
665,23.0
666,29.0
667,21.0
668,23.0
669,15.0
670,27.0
671,23.0
672,19.0
673,22.0
674,38.0
675,32.0
676,28.0
677,39.0
678,35.0
679,32.0
680,28.0
681,27.0
682,29.0
683,44.0
684,39.0
685,39.0
686,34.0
687,27.0
688,34.0
689,53.0
690,58.0
691,44.0
692,40.0
693,39.0
694,38.0
695,37.0
696,53.0
697,53.0
698,47.0
699,49.0
700,53.0
701,46.0
702,45.0
703,44.0
704,44.0
705,40.0
706,47.0
707,36.0
708,29.0
709,38.0
710,50.0
711,48.0
712,56.0
713,56.0
714,56.0
715,47.0
716,48.0
717,48.0
718,48.0
719,47.0
720,50.0
721,46.0
722,52.0
723,52.0
724,52.0
725,55.0
726,49.0
727,45.0
728,49.0
729,53.0
730,55.0
731,50.0
732,51.0
733,50.0
734,49.0
735,42.0
736,41.0
737,37.0
738,31.0
739,23.0
740,26.0
741,24.0
742,32.0
743,26.0
744,19.0
745,43.0
746,52.0
747,46.0
748,40.0
749,50.0
750,44.0
751,37.0
752,34.0
753,30.0
754,31.0
755,42.0
756,37.0
757,30.0
758,30.0
759,24.0
760,32.0
761,38.0
762,42.0
763,46.0
764,38.0
765,27.0
766,28.0
767,27.0
768,32.0
769,32.0
770,37.0
771,41.0
772,32.0
773,25.0
774,33.0
775,34.0
776,38.0
777,37.0
778,38.0
779,35.0
780,29.0
781,34.0
782,50.0
783,57.0
784,56.0
785,58.0
786,58.0
787,55.0
788,49.0
789,57.0
790,53.0
791,46.0
792,46.0
793,40.0
794,39.0
795,37.0
796,33.0
797,41.0
798,40.0
799,39.0
800,42.0
801,47.0
802,58.0
803,56.0
804,49.0
805,47.0
806,53.0
807,53.0
808,52.0
809,54.0
810,46.0
811,42.0
812,45.0
813,45.0
814,46.0
815,46.0
816,45.0
817,49.0
818,56.0
819,54.0
820,53.0
821,43.0
822,49.0
823,54.0
824,56.0
825,55.0
826,51.0
827,48.0
828,48.0
829,47.0
830,45.0
831,42.0
832,36.0
833,34.0
834,31.0
835,28.0
836,17.0
837,26.0
838,18.0
839,25.0
840,23.0
841,47.0
842,42.0
843,47.0
844,45.0
845,45.0
846,53.0
847,50.0
848,47.0
849,39.0
850,30.0
851,29.0
852,26.0
853,22.0
854,43.0
855,33.0
856,30.0
857,37.0
858,54.0
859,53.0
860,43.0
861,35.0
862,37.0
863,32.0
864,27.0
865,24.0
866,24.0
867,18.0
868,21.0
869,26.0
870,23.0
871,29.0
872,34.0
873,29.0
874,32.0
875,32.0
876,38.0
877,32.0
878,42.0
879,44.0
880,40.0
881,36.0
882,35.0
883,51.0
884,53.0
885,45.0
886,42.0
887,40.0
888,42.0
889,36.0
890,29.0
891,25.0
892,23.0
893,25.0
894,59.0
895,48.0
896,43.0
897,40.0
898,41.0
899,32.0
900,36.0
901,40.0
902,42.0
903,38.0
904,43.0
905,38.0
906,27.0
907,25.0
908,29.0
909,23.0
910,29.0
911,18.0
912,32.0
913,42.0
914,38.0
915,31.0
916,38.0
917,31.0
918,26.0
919,38.0
920,38.0
921,43.0
922,45.0
923,44.0
924,41.0
925,29.0
926,27.0
927,35.0
928,29.0
929,41.0
930,36.0
931,35.0
932,36.0
933,34.0
934,53.0
935,55.0
936,55.0
937,50.0
938,46.0
939,54.0
940,52.0
941,43.0
942,47.0
943,43.0
944,38.0
945,39.0
946,43.0
947,49.0
948,48.0
949,40.0
950,46.0
951,50.0
952,52.0
953,54.0
954,55.0
955,53.0
956,54.0
957,55.0
958,49.0
959,46.0
960,46.0
961,47.0
962,49.0
963,49.0
964,47.0
965,52.0
966,54.0
967,49.0
968,46.0
969,38.0
970,45.0
971,41.0
972,32.0
973,30.0
974,27.0
975,24.0
976,48.0
977,39.0
978,42.0
979,41.0
980,36.0
981,29.0
982,28.0
983,43.0
984,39.0
985,44.0
986,40.0
987,25.0
988,28.0
989,33.0
990,24.0
991,23.0
992,18.0
993,33.0
994,28.0
995,29.0
996,40.0
997,37.0
998,33.0
999,27.0
1000,33.0
1001,35.0
1002,35.0
1003,47.0
1004,41.0
1005,29.0
1006,31.0
1007,37.0
1008,34.0
1009,36.0
1010,52.0
1011,46.0
1012,41.0
1013,34.0
1014,30.0
1015,40.0
1016,46.0
1017,44.0
1018,49.0
1019,49.0
1020,50.0
1021,47.0
1022,50.0
1023,57.0
1024,49.0
1025,42.0
1026,44.0
1027,40.0
1028,43.0
1029,57.0
1030,58.0
1031,50.0
1032,46.0
1033,48.0
1034,51.0
1035,53.0
1036,53.0
1037,50.0
1038,56.0
1039,56.0
1040,55.0
1041,56.0
1042,52.0
1043,57.0
1044,54.0
1045,50.0
1046,50.0
1047,50.0
1048,48.0
1049,43.0
1050,39.0
1051,28.0
1052,26.0
1053,31.0
1054,29.0
1055,38.0
1056,37.0
1057,29.0
1058,24.0
1059,49.0
1060,45.0
1061,42.0
1062,34.0
1063,34.0
1064,26.0
1065,32.0
1066,34.0
1067,34.0
1068,29.0
1069,29.0
1070,49.0
1071,49.0
1072,55.0
1073,52.0
1074,50.0
1075,48.0
1076,51.0
1077,56.0
1078,49.0
1079,53.0
1080,52.0
1081,43.0
1082,44.0
1083,41.0
1084,39.0
1085,30.0
1086,33.0
1087,38.0
1088,34.0
1089,36.0
1090,34.0
1091,26.0
1092,48.0
1093,48.0
1094,38.0
1095,41.0
1096,46.0
1097,49.0
1098,50.0
1099,48.0
1100,52.0
1101,48.0
1102,43.0
1103,35.0
1104,32.0
1105,44.0
1106,42.0
1107,41.0
1108,49.0
1109,46.0
1110,42.0
1111,47.0
1112,50.0
1113,49.0
1114,53.0
1115,55.0
1116,49.0
1117,44.0
1118,39.0
1119,50.0
1120,59.0
1121,52.0
1122,50.0
1123,46.0
1124,51.0
1125,55.0
1126,52.0
1127,52.0
1128,52.0
1129,49.0
1130,51.0
1131,58.0
1132,53.0
1133,49.0
1134,48.0
1135,48.0
1136,45.0
1137,39.0
1138,38.0
1139,35.0
1140,28.0
1141,32.0
1142,47.0
1143,46.0
1144,46.0
1145,36.0
1146,32.0
1147,22.0
1148,52.0
1149,51.0
1150,47.0
1151,46.0
1152,55.0
1153,47.0
1154,45.0
1155,46.0
1156,35.0
1157,30.0
1158,30.0
1159,38.0
1160,30.0
1161,26.0
1162,34.0
1163,27.0
1164,47.0
1165,50.0
1166,49.0
1167,41.0
1168,38.0
1169,36.0
1170,30.0
1171,36.0
1172,40.0
1173,42.0
1174,40.0
1175,34.0
1176,33.0
1177,30.0
1178,43.0
1179,38.0
1180,35.0
1181,41.0
1182,39.0
1183,37.0
1184,39.0
1185,35.0
1186,54.0
1187,52.0
1188,48.0
1189,58.0
1190,53.0
1191,55.0
1192,48.0
1193,43.0
1194,46.0
1195,44.0
1196,39.0
1197,44.0
1198,45.0
1199,47.0
1200,46.0
1201,54.0
1202,52.0
1203,52.0
1204,41.0
1205,46.0
1206,54.0
1207,59.0
1208,60.0
1209,52.0
1210,46.0
1211,49.0
1212,51.0
1213,53.0
1214,50.0
1215,52.0
1216,52.0
1217,51.0
1218,49.0
1219,52.0
1220,50.0
1221,59.0
1222,59.0
1223,54.0
1224,56.0
1225,54.0
1226,58.0
1227,53.0
1228,55.0
1229,55.0
1230,50.0
1231,44.0
1232,51.0
1233,50.0
1234,46.0
1235,40.0
1236,38.0
1237,35.0
1238,29.0
1239,26.0
1240,27.0
1241,37.0
1242,37.0
1243,30.0
1244,23.0
1245,27.0
1246,29.0
1247,39.0
1248,35.0
1249,30.0
1250,26.0
1251,30.0
1252,32.0
1253,33.0
1254,35.0
1255,39.0
1256,31.0
1257,39.0
1258,53.0
1259,48.0
1260,39.0
1261,40.0
1262,40.0
1263,36.0
1264,26.0
1265,29.0
1266,38.0
1267,37.0
1268,33.0
1269,31.0
1270,28.0
1271,28.0
1272,33.0
1273,41.0
1274,41.0
1275,42.0
1276,45.0
1277,35.0
1278,29.0
1279,38.0
1280,52.0
1281,51.0
1282,56.0
1283,52.0
1284,49.0
1285,48.0
1286,42.0
1287,36.0
1288,41.0
1289,36.0
1290,27.0
1291,30.0
1292,49.0
1293,58.0
1294,50.0
1295,52.0
1296,54.0
1297,61.0
1298,54.0
1299,52.0
1300,51.0
1301,50.0
1302,58.0
1303,54.0
1304,46.0
1305,43.0
1306,49.0
1307,50.0
1308,47.0
1309,45.0
1310,38.0
1311,33.0
1312,30.0
1313,24.0
1314,27.0
1315,28.0
1316,30.0
1317,21.0
1318,28.0
1319,34.0
1320,30.0
1321,29.0
1322,38.0
1323,30.0
1324,23.0
1325,29.0
1326,27.0
1327,22.0
1328,29.0
1329,20.0
1330,41.0
1331,33.0
1332,37.0
1333,39.0
1334,33.0
1335,27.0
1336,35.0
1337,36.0
1338,31.0
1339,50.0
1340,43.0
1341,42.0
1342,37.0
1343,33.0
1344,41.0
1345,36.0
1346,30.0
1347,26.0
1348,29.0
1349,42.0
1350,40.0
1351,34.0
1352,28.0
1353,52.0
1354,52.0
1355,50.0
1356,51.0
1357,52.0
1358,46.0
1359,51.0
1360,49.0
1361,43.0
1362,37.0
1363,43.0
1364,38.0
1365,25.0
1366,31.0
1367,44.0
1368,57.0
1369,50.0
1370,57.0
1371,55.0
1372,56.0
1373,55.0
1374,48.0
1375,59.0
1376,52.0
1377,51.0
1378,50.0
1379,43.0
1380,42.0
1381,48.0
1382,48.0
1383,50.0
1384,47.0
1385,42.0
1386,42.0
1387,38.0
1388,34.0
1389,33.0
1390,29.0
1391,25.0
1392,44.0
1393,33.0
1394,35.0
1395,45.0
1396,38.0
1397,30.0
1398,30.0
1399,34.0
1400,40.0
1401,35.0
1402,36.0
1403,35.0
1404,28.0
1405,21.0
1406,37.0
1407,28.0
1408,40.0
1409,31.0
1410,26.0
1411,28.0
1412,51.0
1413,51.0
1414,52.0
1415,48.0
1416,45.0
1417,44.0
1418,36.0
1419,35.0
1420,32.0
1421,32.0
1422,25.0
1423,23.0
1424,30.0
1425,53.0
1426,50.0
1427,45.0
1428,36.0
1429,32.0
1430,35.0
1431,31.0
1432,36.0
1433,41.0
1434,33.0
1435,24.0
1436,30.0
1437,32.0
1438,35.0
1439,35.0
1440,40.0
1441,35.0
1442,35.0
1443,26.0
1444,35.0
1445,54.0
1446,49.0
1447,50.0
1448,58.0
1449,54.0
1450,52.0
1451,54.0
1452,41.0
1453,53.0
1454,53.0
1455,45.0
1456,41.0
1457,46.0
1458,50.0
1459,50.0
1460,48.0
1461,44.0
1462,47.0
1463,53.0
1464,52.0
1465,54.0
1466,48.0
1467,45.0
1468,49.0
1469,46.0
1470,45.0
1471,43.0
1472,33.0
1473,32.0
1474,34.0
1475,30.0
1476,25.0
1477,28.0
1478,24.0
1479,30.0
1480,20.0
1481,20.0
1482,17.0
1483,38.0
1484,31.0
1485,40.0
1486,37.0
1487,27.0
1488,23.0
1489,37.0
1490,29.0
1491,26.0
1492,26.0
1493,19.0
1494,35.0
1495,36.0
1496,35.0
1497,34.0
1498,28.0
1499,24.0
1500,20.0
1501,40.0
1502,45.0
1503,42.0
1504,41.0
1505,34.0
1506,32.0
1507,26.0
1508,38.0
1509,45.0
1510,38.0
1511,37.0
1512,33.0
1513,31.0
1514,36.0
1515,32.0
1516,31.0
1517,40.0
1518,38.0
1519,39.0
1520,38.0
1521,42.0
1522,45.0
1523,44.0
1524,41.0
1525,42.0
1526,47.0
1527,47.0
1528,54.0
1529,49.0
1530,55.0
1531,52.0
1532,47.0
1533,47.0
1534,51.0
1535,48.0
1536,47.0
1537,50.0
1538,47.0
1539,48.0
1540,50.0
1541,52.0
1542,54.0
1543,51.0
1544,58.0
1545,54.0
1546,44.0
1547,49.0
1548,49.0
1549,52.0
1550,55.0
1551,49.0
1552,50.0
1553,47.0
1554,45.0
1555,45.0
1556,40.0
1557,39.0
1558,31.0
1559,21.0
1560,26.0
1561,25.0
1562,46.0
1563,45.0
1564,41.0
1565,37.0
1566,34.0
1567,32.0
1568,34.0
1569,38.0
1570,38.0
1571,37.0
1572,36.0
1573,34.0
1574,30.0
1575,20.0
1576,27.0
1577,32.0
1578,34.0
1579,24.0
1580,27.0
1581,35.0
1582,33.0
1583,38.0
1584,31.0
1585,25.0
1586,23.0
1587,41.0
1588,44.0
1589,38.0
1590,32.0
1591,34.0
1592,34.0
1593,31.0
1594,21.0
1595,37.0
1596,32.0
1597,50.0
1598,45.0
1599,36.0
1600,29.0
1601,30.0
1602,40.0
1603,50.0
1604,53.0
1605,48.0
1606,52.0
1607,52.0
1608,47.0
1609,51.0
1610,43.0
1611,42.0
1612,38.0
1613,36.0
1614,28.0
1615,40.0
1616,40.0
1617,50.0
1618,51.0
1619,52.0
1620,55.0
1621,60.0
1622,52.0
1623,51.0
1624,46.0
1625,49.0
1626,49.0
1627,46.0
1628,44.0
1629,48.0
1630,49.0
1631,46.0
1632,47.0
1633,49.0
1634,50.0
1635,48.0
1636,48.0
1637,44.0
1638,41.0
1639,34.0
1640,21.0
1641,31.0
1642,27.0
1643,26.0
1644,46.0
1645,42.0
1646,36.0
1647,25.0
1648,32.0
1649,43.0
1650,42.0
1651,40.0
1652,33.0
1653,26.0
1654,20.0
1655,23.0
1656,32.0
1657,23.0
1658,23.0
1659,37.0
1660,32.0
1661,29.0
1662,45.0
1663,40.0
1664,32.0
1665,24.0
1666,28.0
1667,32.0
1668,26.0
1669,35.0
1670,47.0
1671,38.0
1672,34.0
1673,19.0
1674,38.0
1675,50.0
1676,40.0
1677,39.0
1678,49.0
1679,44.0
1680,36.0
1681,30.0
1682,25.0
1683,44.0
1684,44.0
1685,43.0
1686,39.0
1687,38.0
1688,37.0
1689,35.0
1690,39.0
1691,40.0
1692,39.0
1693,31.0
1694,40.0
1695,57.0
1696,51.0
1697,50.0
1698,52.0
1699,44.0
1700,42.0
1701,48.0
1702,50.0
1703,50.0
1704,46.0
1705,46.0
1706,50.0
1707,49.0
1708,45.0
1709,45.0
1710,43.0
1711,36.0
1712,34.0
1713,35.0
1714,27.0
1715,18.0
1716,33.0
1717,24.0
1718,23.0
1719,21.0
1720,23.0
1721,36.0
1722,44.0
1723,41.0
1724,35.0
1725,27.0
1726,22.0
1727,20.0
1728,25.0
1729,21.0
1730,17.0
1731,22.0
1732,39.0
1733,40.0
1734,36.0
1735,41.0
1736,41.0
1737,31.0
1738,26.0
1739,28.0
1740,28.0
1741,38.0
1742,44.0
1743,40.0
1744,34.0
1745,28.0
1746,18.0
1747,33.0
1748,34.0
1749,43.0
1750,38.0
1751,28.0
1752,21.0
1753,49.0
1754,56.0
1755,47.0
1756,48.0
1757,46.0
1758,38.0
1759,41.0
1760,38.0
1761,39.0
1762,29.0
1763,31.0
1764,37.0
1765,50.0
1766,50.0
1767,52.0
1768,54.0
1769,54.0
1770,49.0
1771,48.0
1772,55.0
1773,57.0
1774,56.0
1775,50.0
1776,45.0
1777,51.0
1778,54.0
1779,51.0
1780,50.0
1781,46.0
1782,49.0
1783,47.0
1784,46.0
1785,42.0
1786,41.0
1787,39.0
1788,40.0
1789,34.0
1790,28.0
1791,19.0
1792,36.0
1793,30.0
1794,26.0
1795,26.0
1796,20.0
1797,31.0
1798,29.0
1799,35.0
1800,31.0
1801,26.0
1802,18.0
1803,33.0
1804,25.0
1805,25.0
1806,20.0
1807,41.0
1808,50.0
1809,49.0
1810,42.0
1811,45.0
1812,42.0
1813,38.0
1814,31.0
1815,29.0
1816,31.0
1817,35.0
1818,39.0
1819,31.0
1820,29.0
1821,30.0
1822,20.0
1823,31.0
1824,34.0
1825,31.0
1826,40.0
1827,30.0
1828,31.0
1829,41.0
1830,49.0
1831,52.0
1832,54.0
1833,50.0
1834,49.0
1835,50.0
1836,47.0
1837,42.0
1838,36.0
1839,36.0
1840,27.0
1841,29.0
1842,38.0
1843,33.0
1844,41.0
1845,51.0
1846,55.0
1847,52.0
1848,55.0
1849,55.0
1850,52.0
1851,51.0
1852,50.0
1853,53.0
1854,54.0
1855,49.0
1856,47.0
1857,46.0
1858,42.0
1859,38.0
1860,34.0
1861,26.0
1862,25.0
1863,20.0
1864,23.0
1865,31.0
1866,21.0
1867,23.0
1868,58.0
1869,48.0
1870,43.0
1871,47.0
1872,42.0
1873,40.0
1874,42.0
1875,33.0
1876,30.0
1877,26.0
1878,19.0
1879,26.0
1880,14.0
1881,41.0
1882,39.0
1883,34.0
1884,38.0
1885,38.0
1886,33.0
1887,29.0
1888,32.0
1889,32.0
1890,30.0
1891,46.0
1892,42.0
1893,38.0
1894,29.0
1895,31.0
1896,31.0
1897,36.0
1898,40.0
1899,49.0
1900,42.0
1901,36.0
1902,39.0
1903,29.0
1904,42.0
1905,49.0
1906,50.0
1907,56.0
1908,52.0
1909,50.0
1910,52.0
1911,46.0
1912,42.0
1913,42.0
1914,38.0
1915,39.0
1916,40.0
1917,32.0
1918,30.0
1919,43.0
1920,54.0
1921,46.0
1922,49.0
1923,57.0
1924,57.0
1925,54.0
1926,41.0
1927,48.0
1928,54.0
1929,51.0
1930,51.0
1931,50.0
1932,48.0
1933,50.0
1934,49.0
1935,47.0
1936,44.0
1937,36.0
1938,43.0
1939,30.0
1940,25.0
1941,25.0
1942,31.0
1943,30.0
1944,32.0
1945,25.0
1946,24.0
1947,23.0
1948,32.0
1949,38.0
1950,35.0
1951,31.0
1952,26.0
1953,19.0
1954,31.0
1955,24.0
1956,38.0
1957,26.0
1958,23.0
1959,41.0
1960,44.0
1961,45.0
1962,35.0
1963,34.0
1964,37.0
1965,31.0
1966,22.0
1967,26.0
1968,30.0
1969,26.0
1970,26.0
1971,16.0
1972,18.0
1973,23.0
1974,48.0
1975,42.0
1976,37.0
1977,29.0
1978,22.0
1979,53.0
1980,51.0
1981,47.0
1982,50.0
1983,45.0
1984,44.0
1985,41.0
1986,39.0
1987,39.0
1988,41.0
1989,36.0
1990,29.0
1991,21.0
1992,34.0
1993,45.0
1994,50.0
1995,55.0
1996,53.0
1997,49.0
1998,42.0
1999,43.0
2000,47.0
2001,39.0
2002,33.0
2003,25.0
2004,28.0
2005,29.0
2006,34.0
2007,41.0
2008,34.0
2009,33.0
2010,29.0
2011,22.0
2012,43.0
2013,34.0
2014,44.0
2015,38.0
2016,28.0
2017,23.0
2018,38.0
2019,32.0
2020,26.0
2021,24.0
2022,19.0
2023,23.0
2024,24.0
2025,44.0
2026,37.0
2027,33.0
2028,27.0
2029,20.0
2030,34.0
2031,32.0
2032,44.0
2033,47.0
2034,40.0
2035,29.0
2036,42.0
2037,47.0
2038,38.0
2039,43.0
2040,42.0
2041,37.0
2042,33.0
2043,33.0
2044,29.0
2045,32.0
2046,35.0
2047,41.0
2048,41.0
2049,40.0
2050,37.0
2051,35.0
2052,37.0
2053,43.0
2054,43.0
2055,36.0
2056,35.0
2057,55.0
2058,50.0
2059,53.0
2060,53.0
2061,50.0
2062,49.0
2063,42.0
2064,41.0
2065,46.0
2066,45.0
2067,44.0
2068,40.0
2069,36.0
2070,40.0
2071,42.0
2072,48.0
2073,39.0
2074,37.0
2075,40.0
2076,37.0
2077,32.0
2078,25.0
2079,25.0
2080,29.0
2081,32.0
2082,37.0
2083,31.0
2084,23.0
2085,21.0
2086,35.0
2087,26.0
2088,28.0
2089,25.0
2090,20.0
2091,17.0
2092,18.0
2093,14.0
2094,39.0
2095,43.0
2096,42.0
2097,38.0
2098,30.0
2099,32.0
2100,24.0
2101,30.0
2102,35.0
2103,40.0
2104,34.0
2105,24.0
2106,24.0
2107,15.0
2108,35.0
2109,32.0
2110,31.0
2111,34.0
2112,31.0
2113,48.0
2114,40.0
2115,30.0
2116,36.0
2117,45.0
2118,39.0
2119,42.0
2120,41.0
2121,32.0
2122,25.0
2123,39.0
2124,32.0
2125,23.0
2126,24.0
2127,36.0
2128,27.0
2129,27.0
2130,28.0
2131,20.0
2132,21.0
2133,38.0
2134,39.0
2135,33.0
2136,30.0
2137,32.0
2138,25.0
2139,28.0
2140,27.0
2141,32.0
2142,35.0
2143,28.0
2144,21.0
2145,17.0
2146,22.0
2147,21.0
2148,23.0
2149,17.0
2150,27.0
2151,21.0
2152,47.0
2153,42.0
2154,34.0
2155,31.0
2156,26.0
2157,33.0
2158,27.0
2159,36.0
2160,39.0
2161,38.0
2162,36.0
2163,30.0
2164,31.0
2165,27.0
2166,32.0
2167,28.0
2168,26.0
2169,30.0
2170,27.0
2171,20.0
2172,32.0
2173,53.0
2174,45.0
2175,38.0
2176,35.0
2177,39.0
2178,35.0
2179,31.0
2180,27.0
2181,33.0
2182,50.0
2183,47.0
2184,42.0
2185,48.0
2186,48.0
2187,44.0
2188,46.0
2189,49.0
2190,47.0
2191,47.0
2192,52.0
2193,49.0
2194,45.0
2195,47.0
2196,51.0
2197,53.0
2198,50.0
2199,51.0
2200,46.0
2201,46.0
2202,46.0
2203,44.0
2204,43.0
2205,38.0
2206,33.0
2207,25.0
2208,23.0
2209,15.0
2210,18.0
2211,32.0
2212,34.0
2213,29.0
2214,17.0
2215,51.0
2216,45.0
2217,39.0
2218,35.0
2219,38.0
2220,27.0
2221,23.0
2222,25.0
2223,20.0
2224,24.0
2225,21.0
2226,16.0
2227,23.0
2228,25.0
2229,27.0
2230,22.0
2231,18.0
2232,27.0
2233,37.0
2234,36.0
2235,25.0
2236,35.0
2237,45.0
2238,39.0
2239,48.0
2240,43.0
2241,42.0
2242,43.0
2243,42.0
2244,34.0
2245,32.0
2246,26.0
2247,26.0
2248,42.0
2249,42.0
2250,46.0
2251,51.0
2252,54.0
2253,53.0
2254,45.0
2255,44.0
2256,43.0
2257,35.0
2258,30.0
2259,27.0
2260,40.0
2261,47.0
2262,46.0
2263,46.0
2264,51.0
2265,49.0
2266,46.0
2267,43.0
2268,41.0
2269,32.0
2270,28.0
2271,21.0
2272,24.0
2273,36.0
2274,32.0
2275,24.0
2276,27.0
2277,23.0
2278,42.0
2279,39.0
2280,33.0
2281,40.0
2282,38.0
2283,32.0
2284,27.0
2285,21.0
2286,42.0
2287,31.0
2288,25.0
2289,26.0
2290,39.0
2291,54.0
2292,47.0
2293,41.0
2294,45.0
2295,41.0
2296,36.0
2297,31.0
2298,23.0
2299,40.0
2300,38.0
2301,31.0
2302,30.0
2303,30.0
2304,22.0
2305,48.0
2306,40.0
2307,43.0
2308,41.0
2309,46.0
2310,52.0
2311,41.0
2312,36.0
2313,31.0
2314,28.0
2315,43.0
2316,44.0
2317,38.0
2318,35.0
2319,38.0
2320,30.0
2321,25.0
2322,29.0
2323,41.0
2324,50.0
2325,55.0
2326,48.0
2327,47.0
2328,50.0
2329,51.0
2330,45.0
2331,41.0
2332,32.0
2333,26.0
2334,28.0
2335,28.0
2336,41.0
2337,36.0
2338,29.0
2339,28.0
2340,19.0
2341,21.0
2342,44.0
2343,38.0
2344,37.0
2345,38.0
2346,33.0
2347,28.0
2348,28.0
2349,26.0
2350,23.0
2351,27.0
2352,19.0
2353,31.0
2354,23.0
2355,21.0
2356,20.0
2357,28.0
2358,27.0
2359,33.0
2360,27.0
2361,21.0
2362,35.0
2363,50.0
2364,46.0
2365,38.0
2366,47.0
2367,50.0
2368,40.0
2369,31.0
2370,33.0
2371,37.0
2372,43.0
2373,45.0
2374,38.0
2375,29.0
2376,26.0
2377,29.0
2378,34.0
2379,33.0
2380,45.0
2381,37.0
2382,31.0
2383,48.0
2384,38.0
2385,31.0
2386,35.0
2387,26.0
2388,26.0
2389,49.0
2390,47.0
2391,44.0
2392,32.0
2393,28.0
2394,28.0
2395,28.0
2396,30.0
2397,29.0
2398,27.0
2399,19.0
2400,23.0
2401,23.0
2402,32.0
2403,24.0
2404,31.0
2405,37.0
2406,35.0
2407,39.0
2408,36.0
2409,30.0
2410,25.0
2411,26.0
2412,31.0
2413,27.0
2414,21.0
2415,23.0
2416,18.0
2417,35.0
2418,37.0
2419,39.0
2420,38.0
2421,32.0
2422,51.0
2423,50.0
2424,42.0
2425,41.0
2426,35.0
2427,26.0
2428,40.0
2429,42.0
2430,45.0
2431,43.0
2432,37.0
2433,37.0
2434,35.0
2435,34.0
2436,37.0
2437,38.0
2438,29.0
2439,35.0
2440,56.0
2441,51.0
2442,49.0
2443,56.0
2444,53.0
2445,47.0
2446,47.0
2447,46.0
2448,44.0
2449,44.0
2450,40.0
2451,36.0
2452,31.0
2453,26.0
2454,18.0
2455,21.0
2456,24.0
2457,30.0
2458,24.0
2459,22.0
2460,49.0
2461,49.0
2462,45.0
2463,41.0
2464,37.0
2465,34.0
2466,24.0
2467,26.0
2468,16.0
2469,25.0
2470,34.0
2471,23.0
2472,23.0
2473,29.0
2474,44.0
2475,42.0
2476,38.0
2477,35.0
2478,25.0
2479,29.0
2480,28.0
2481,30.0
2482,26.0
2483,28.0
2484,22.0
2485,35.0
2486,28.0
2487,30.0
2488,33.0
2489,41.0
2490,39.0
2491,34.0
2492,26.0
2493,25.0
2494,40.0
2495,32.0
2496,23.0
2497,35.0
2498,36.0
2499,45.0
2500,52.0
2501,53.0
2502,54.0
2503,48.0
2504,50.0
2505,49.0
2506,43.0
2507,40.0
2508,39.0
2509,41.0
2510,43.0
2511,40.0
2512,38.0
2513,37.0
2514,36.0
2515,27.0
2516,19.0
2517,29.0
2518,24.0
2519,33.0
2520,33.0
2521,29.0
2522,22.0
2523,31.0
2524,23.0
2525,34.0
2526,28.0
2527,22.0
2528,29.0
2529,17.0
2530,21.0
2531,11.0
2532,25.0
2533,29.0
2534,24.0
2535,25.0
2536,19.0
2537,38.0
2538,42.0
2539,37.0
2540,32.0
2541,36.0
2542,31.0
2543,32.0
2544,31.0
2545,29.0
2546,39.0
2547,40.0
2548,42.0
2549,36.0
2550,30.0
2551,27.0
2552,47.0
2553,47.0
2554,50.0
2555,53.0
2556,44.0
2557,51.0
2558,49.0
2559,42.0
2560,44.0
2561,37.0
2562,29.0
2563,31.0
2564,37.0
2565,44.0
2566,40.0
2567,37.0
2568,42.0
2569,40.0
2570,39.0
2571,34.0
2572,34.0
2573,32.0
2574,25.0
2575,35.0
2576,37.0
2577,40.0
2578,47.0
2579,43.0
2580,33.0
2581,24.0
2582,39.0
2583,44.0
2584,40.0
2585,35.0
2586,31.0
2587,29.0
2588,21.0
2589,27.0
2590,23.0
2591,20.0
2592,26.0
2593,35.0
2594,36.0
2595,33.0
2596,36.0
2597,28.0
2598,25.0
2599,33.0
2600,32.0
2601,39.0
2602,36.0
2603,31.0
2604,26.0
2605,27.0
2606,34.0
2607,44.0
2608,51.0
2609,43.0
2610,35.0
2611,24.0
2612,49.0
2613,50.0
2614,50.0
2615,51.0
2616,51.0
2617,51.0
2618,50.0
2619,47.0
2620,40.0
2621,39.0
2622,39.0
2623,32.0
2624,30.0
2625,38.0
2626,34.0
2627,54.0
2628,52.0
2629,53.0
2630,50.0
2631,59.0
2632,53.0
2633,57.0
2634,52.0
2635,52.0
2636,55.0
2637,51.0
2638,45.0
2639,51.0
2640,52.0
2641,48.0
2642,44.0
2643,39.0
2644,35.0
2645,29.0
2646,28.0
2647,25.0
2648,26.0
2649,51.0
2650,46.0
2651,38.0
2652,31.0
2653,26.0
2654,38.0
2655,47.0
2656,42.0
2657,38.0
2658,33.0
2659,21.0
2660,22.0
2661,23.0
2662,27.0
2663,16.0
2664,27.0
2665,22.0
2666,26.0
2667,32.0
2668,31.0
2669,19.0
2670,46.0
2671,48.0
2672,42.0
2673,35.0
2674,40.0
2675,31.0
2676,27.0
2677,25.0
2678,35.0
2679,30.0
2680,33.0
2681,45.0
2682,46.0
2683,41.0
2684,28.0
2685,27.0
2686,49.0
2687,54.0
2688,48.0
2689,50.0
2690,49.0
2691,51.0
2692,53.0
2693,51.0
2694,48.0
2695,41.0
2696,38.0
2697,41.0
2698,33.0
2699,28.0
2700,27.0
2701,41.0
2702,56.0
2703,49.0
2704,54.0
2705,56.0
2706,54.0
2707,50.0
2708,47.0
2709,53.0
2710,54.0
2711,52.0
2712,51.0
2713,45.0
2714,43.0
2715,40.0
2716,42.0
2717,39.0
2718,33.0
2719,27.0
2720,25.0
2721,22.0
2722,15.0
2723,41.0
2724,33.0
2725,27.0
2726,32.0
2727,52.0
2728,41.0
2729,33.0
2730,38.0
2731,34.0
2732,37.0
2733,38.0
2734,27.0
2735,20.0
2736,20.0
2737,13.0
2738,34.0
2739,34.0
2740,25.0
2741,30.0
2742,17.0
2743,30.0
2744,34.0
2745,27.0
2746,30.0
2747,31.0
2748,27.0
2749,28.0
2750,30.0
2751,26.0
2752,38.0
2753,32.0
2754,28.0
2755,20.0
2756,17.0
2757,31.0
2758,33.0
2759,44.0
2760,35.0
2761,31.0
2762,39.0
2763,56.0
2764,49.0
2765,49.0
2766,47.0
2767,51.0
2768,49.0
2769,44.0
2770,45.0
2771,44.0
2772,38.0
2773,33.0
2774,27.0
2775,26.0
2776,21.0
2777,27.0
2778,30.0
2779,27.0
2780,24.0
2781,40.0
2782,56.0
2783,47.0
2784,40.0
2785,50.0
2786,48.0
2787,44.0
2788,49.0
2789,43.0
2790,36.0
2791,25.0
2792,23.0
2793,26.0
2794,23.0
2795,25.0
2796,20.0
2797,24.0
2798,33.0
2799,37.0
2800,40.0
2801,30.0
2802,25.0
2803,51.0
2804,43.0
2805,39.0
2806,38.0
2807,39.0
2808,46.0
2809,50.0
2810,43.0
2811,35.0
2812,27.0
2813,35.0
2814,37.0
2815,39.0
2816,48.0
2817,40.0
2818,41.0
2819,43.0
2820,34.0
2821,34.0
2822,35.0
2823,48.0
2824,54.0
2825,50.0
2826,43.0
2827,40.0
2828,46.0
2829,42.0
2830,40.0
2831,40.0
2832,40.0
2833,40.0
2834,36.0
2835,37.0
2836,37.0
2837,38.0
2838,54.0
2839,45.0
2840,48.0
2841,54.0
2842,53.0
2843,53.0
2844,49.0
2845,48.0
2846,46.0
2847,44.0
2848,45.0
2849,42.0
2850,41.0
2851,36.0
2852,31.0
2853,25.0
2854,24.0
2855,21.0
2856,23.0
2857,25.0
2858,23.0
2859,25.0
2860,49.0
2861,42.0
2862,37.0
2863,37.0
2864,36.0
2865,42.0
2866,37.0
2867,30.0
2868,22.0
2869,26.0
2870,17.0
2871,22.0
2872,19.0
2873,21.0
2874,26.0
2875,20.0
2876,19.0
2877,37.0
2878,40.0
2879,36.0
2880,31.0
2881,30.0
2882,26.0
2883,29.0
2884,31.0
2885,38.0
2886,43.0
2887,38.0
2888,30.0
2889,25.0
2890,31.0
2891,38.0
2892,47.0
2893,42.0
2894,34.0
2895,36.0
2896,45.0
2897,38.0
2898,34.0
2899,53.0
2900,49.0
2901,44.0
2902,42.0
2903,36.0
2904,43.0
2905,43.0
2906,40.0
2907,36.0
2908,31.0
2909,28.0
2910,28.0
2911,19.0
2912,28.0
2913,28.0
2914,38.0
2915,32.0
2916,28.0
2917,43.0
2918,40.0
2919,31.0
2920,32.0
2921,33.0
2922,26.0
2923,24.0
2924,26.0
2925,16.0
2926,15.0
2927,31.0
2928,28.0
2929,45.0
2930,43.0
2931,32.0
2932,23.0
2933,33.0
2934,47.0
2935,37.0
2936,30.0
2937,33.0
2938,29.0
2939,28.0
2940,29.0
2941,27.0
2942,46.0
2943,45.0
2944,42.0
2945,33.0
2946,26.0
2947,26.0
2948,44.0
2949,52.0
2950,44.0
2951,48.0
2952,51.0
2953,52.0
2954,51.0
2955,50.0
2956,45.0
2957,45.0
2958,39.0
2959,42.0
2960,40.0
2961,37.0
2962,31.0
2963,27.0
2964,26.0
2965,29.0
2966,32.0
2967,30.0
2968,24.0
2969,27.0
2970,13.0
2971,39.0
2972,49.0
2973,38.0
2974,31.0
2975,23.0
2976,33.0
2977,44.0
2978,53.0
2979,44.0
2980,37.0
2981,30.0
2982,21.0
2983,22.0
2984,19.0
2985,18.0
2986,25.0
2987,23.0
2988,20.0
2989,31.0
2990,38.0
2991,34.0
2992,26.0
2993,32.0
2994,43.0
2995,36.0
2996,37.0
2997,35.0
2998,37.0
2999,41.0
3000,35.0
3001,27.0
3002,24.0
3003,33.0
3004,26.0
3005,38.0
3006,44.0
3007,40.0
3008,33.0
3009,30.0
3010,40.0
3011,50.0
3012,47.0
3013,49.0
3014,48.0
3015,46.0
3016,48.0
3017,46.0
3018,42.0
3019,33.0
3020,27.0
3021,27.0
3022,20.0
3023,23.0
3024,49.0
3025,48.0
3026,49.0
3027,36.0
3028,27.0
3029,24.0
3030,28.0
3031,18.0
3032,23.0
3033,49.0
3034,40.0
3035,33.0
3036,27.0
3037,25.0
3038,33.0
3039,32.0
3040,32.0
3041,25.0
3042,22.0
3043,15.0
3044,15.0
3045,46.0
3046,32.0
3047,26.0
3048,30.0
3049,43.0
3050,41.0
3051,36.0
3052,43.0
3053,40.0
3054,36.0
3055,34.0
3056,30.0
3057,24.0
3058,27.0
3059,26.0
3060,20.0
3061,22.0
3062,13.0
3063,16.0
3064,45.0
3065,38.0
3066,36.0
3067,31.0
3068,36.0
3069,57.0
3070,48.0
3071,49.0
3072,50.0
3073,47.0
3074,43.0
3075,41.0
3076,40.0
3077,36.0
3078,33.0
3079,34.0
3080,29.0
3081,27.0
3082,39.0
3083,55.0
3084,51.0
3085,50.0
3086,52.0
3087,52.0
3088,53.0
3089,53.0
3090,55.0
3091,48.0
3092,48.0
3093,45.0
3094,48.0
3095,49.0
3096,49.0
3097,48.0
3098,44.0
3099,39.0
3100,32.0
3101,36.0
3102,28.0
3103,22.0
3104,23.0
3105,24.0
3106,34.0
3107,28.0
3108,20.0
3109,50.0
3110,41.0
3111,39.0
3112,44.0
3113,36.0
3114,35.0
3115,35.0
3116,35.0
3117,25.0
3118,25.0
3119,16.0
3120,28.0
3121,19.0
3122,28.0
3123,36.0
3124,28.0
3125,27.0
3126,30.0
3127,32.0
3128,25.0
3129,37.0
3130,27.0
3131,23.0
3132,23.0
3133,27.0
3134,34.0
3135,38.0
3136,31.0
3137,30.0
3138,28.0
3139,24.0
3140,38.0
3141,43.0
3142,47.0
3143,50.0
3144,54.0
3145,54.0
3146,47.0
3147,44.0
3148,45.0
3149,45.0
3150,39.0
3151,35.0
3152,33.0
3153,39.0
3154,46.0
3155,44.0
3156,45.0
3157,40.0
3158,40.0
3159,45.0
3160,50.0
3161,50.0
3162,54.0
3163,54.0
3164,53.0
3165,46.0
3166,50.0
3167,53.0
3168,54.0
3169,48.0
3170,50.0
3171,46.0
3172,45.0
3173,41.0
3174,31.0
3175,24.0
3176,22.0
3177,16.0
3178,30.0
3179,28.0
3180,29.0
3181,25.0
3182,26.0
3183,44.0
3184,41.0
3185,31.0
3186,34.0
3187,40.0
3188,32.0
3189,23.0
3190,23.0
3191,16.0
3192,12.0
3193,21.0
3194,36.0
3195,32.0
3196,32.0
3197,45.0
3198,37.0
3199,29.0
3200,41.0
3201,41.0
3202,45.0
3203,48.0
3204,41.0
3205,42.0
3206,42.0
3207,44.0
3208,38.0
3209,32.0
3210,31.0
3211,29.0
3212,23.0
3213,26.0
3214,32.0
3215,36.0
3216,28.0
3217,31.0
3218,27.0
3219,49.0
3220,54.0
3221,53.0
3222,49.0
3223,47.0
3224,45.0
3225,41.0
3226,39.0
3227,38.0
3228,31.0
3229,36.0
3230,42.0
3231,49.0
3232,47.0
3233,47.0
3234,49.0
3235,50.0
3236,47.0
3237,46.0
3238,53.0
3239,55.0
3240,53.0
3241,52.0
3242,54.0
3243,52.0
3244,51.0
3245,49.0
3246,43.0
3247,44.0
3248,46.0
3249,48.0
3250,45.0
3251,37.0
3252,25.0
3253,31.0
3254,26.0
3255,24.0
3256,31.0
3257,17.0
3258,41.0
3259,29.0
3260,24.0
3261,46.0
3262,41.0
3263,39.0
3264,45.0
3265,46.0
3266,45.0
3267,40.0
3268,33.0
3269,38.0
3270,37.0
3271,31.0
3272,24.0
3273,25.0
3274,25.0
3275,36.0
3276,26.0
3277,23.0
3278,39.0
3279,50.0
3280,50.0
3281,40.0
3282,40.0
3283,33.0
3284,36.0
3285,35.0
3286,29.0
3287,22.0
3288,40.0
3289,30.0
3290,23.0
3291,30.0
3292,21.0
3293,36.0
3294,37.0
3295,33.0
3296,50.0
3297,50.0
3298,40.0
3299,30.0
3300,31.0
3301,44.0
3302,53.0
3303,48.0
3304,38.0
3305,35.0
3306,37.0
3307,36.0
3308,27.0
3309,26.0
3310,33.0
3311,28.0
3312,30.0
3313,31.0
3314,44.0
3315,40.0
3316,28.0
3317,25.0
3318,42.0
3319,30.0
3320,31.0
3321,37.0
3322,34.0
3323,31.0
3324,26.0
3325,26.0
3326,41.0
3327,38.0
3328,29.0
3329,24.0
3330,23.0
3331,25.0
3332,21.0
3333,28.0
3334,17.0
3335,19.0
3336,40.0
3337,42.0
3338,37.0
3339,40.0
3340,31.0
3341,21.0
3342,30.0
3343,30.0
3344,26.0
3345,25.0
3346,21.0
3347,16.0
3348,24.0
3349,45.0
3350,41.0
3351,42.0
3352,34.0
3353,27.0
3354,45.0
3355,56.0
3356,48.0
3357,55.0
3358,55.0
3359,46.0
3360,45.0
3361,45.0
3362,40.0
3363,39.0
3364,37.0
3365,35.0
3366,31.0
3367,27.0
3368,37.0
3369,42.0
3370,56.0
3371,55.0
3372,49.0
3373,48.0
3374,54.0
3375,55.0
3376,56.0
3377,51.0
3378,46.0
3379,47.0
3380,45.0
3381,42.0
3382,41.0
3383,40.0
3384,40.0
3385,39.0
3386,38.0
3387,37.0
3388,35.0
3389,39.0
3390,34.0
3391,28.0
3392,23.0
3393,38.0
3394,33.0
3395,29.0
3396,38.0
3397,32.0
3398,31.0
3399,27.0
3400,40.0
3401,40.0
3402,33.0
3403,31.0
3404,26.0
3405,20.0
3406,24.0
3407,26.0
3408,32.0
3409,26.0
3410,23.0
3411,39.0
3412,32.0
3413,33.0
3414,38.0
3415,31.0
3416,28.0
3417,32.0
3418,37.0
3419,37.0
3420,29.0
3421,34.0
3422,33.0
3423,24.0
3424,21.0
3425,26.0
3426,44.0
3427,41.0
3428,40.0
3429,34.0
3430,26.0
3431,41.0
3432,52.0
3433,45.0
3434,48.0
3435,46.0
3436,40.0
3437,37.0
3438,29.0
3439,34.0
3440,39.0
3441,48.0
3442,48.0
3443,51.0
3444,50.0
3445,51.0
3446,53.0
3447,52.0
3448,51.0
3449,51.0
3450,56.0
3451,55.0
3452,52.0
3453,48.0
3454,49.0
3455,49.0
3456,52.0
3457,49.0
3458,52.0
3459,47.0
3460,42.0
3461,37.0
3462,27.0
3463,25.0
3464,28.0
3465,19.0
3466,30.0
3467,33.0
3468,23.0
3469,21.0
3470,50.0
3471,45.0
3472,37.0
3473,37.0
3474,38.0
3475,38.0
3476,33.0
3477,25.0
3478,23.0
3479,28.0
3480,20.0
3481,29.0
3482,20.0
3483,39.0
3484,37.0
3485,36.0
3486,42.0
3487,35.0
3488,26.0
3489,28.0
3490,50.0
3491,42.0
3492,34.0
3493,37.0
3494,29.0
3495,32.0
3496,26.0
3497,27.0
3498,26.0
3499,21.0
3500,17.0
3501,11.0
3502,42.0
3503,44.0
3504,48.0
3505,38.0
3506,39.0
3507,47.0
3508,40.0
3509,30.0
3510,49.0
3511,49.0
3512,54.0
3513,50.0
3514,49.0
3515,52.0
3516,50.0
3517,45.0
3518,46.0
3519,49.0
3520,47.0
3521,47.0
3522,50.0
3523,40.0
3524,45.0
3525,40.0
3526,31.0
3527,27.0
3528,28.0
3529,25.0
3530,47.0
3531,40.0
3532,33.0
3533,30.0
3534,26.0
3535,24.0
3536,41.0
3537,34.0
3538,33.0
3539,27.0
3540,23.0
3541,18.0
3542,32.0
3543,30.0
3544,22.0
3545,31.0
3546,53.0
3547,47.0
3548,42.0
3549,49.0
3550,41.0
3551,40.0
3552,36.0
3553,32.0
3554,31.0
3555,26.0
3556,19.0
3557,19.0
3558,25.0
3559,26.0
3560,26.0
3561,36.0
3562,36.0
3563,33.0
3564,35.0
3565,43.0
3566,36.0
3567,33.0
3568,38.0
3569,43.0
3570,47.0
3571,41.0
3572,31.0
3573,35.0
3574,36.0
3575,33.0
3576,30.0
3577,29.0
3578,36.0
3579,54.0
3580,55.0
3581,53.0
3582,51.0
3583,56.0
3584,54.0
3585,50.0
3586,55.0
3587,47.0
3588,46.0
3589,45.0
3590,39.0
3591,43.0
3592,45.0
3593,41.0
3594,40.0
3595,29.0
3596,31.0
3597,32.0
3598,23.0
3599,31.0
3600,23.0
3601,30.0
3602,44.0
3603,40.0
3604,35.0
3605,34.0
3606,25.0
3607,41.0
3608,40.0
3609,35.0
3610,29.0
3611,31.0
3612,27.0
3613,17.0
3614,14.0
3615,25.0
3616,27.0
3617,24.0
3618,29.0
3619,20.0
3620,31.0
3621,27.0
3622,24.0
3623,47.0
3624,33.0
3625,31.0
3626,31.0
3627,25.0
3628,22.0
3629,26.0
3630,35.0
3631,35.0
3632,32.0
3633,23.0
3634,20.0
3635,17.0
3636,46.0
3637,42.0
3638,39.0
3639,46.0
3640,38.0
3641,40.0
3642,35.0
3643,44.0
3644,60.0
3645,51.0
3646,45.0
3647,47.0
3648,48.0
3649,47.0
3650,48.0
3651,44.0
3652,40.0
3653,41.0
3654,37.0
3655,31.0
3656,36.0
3657,26.0
3658,25.0
3659,24.0
3660,33.0
3661,39.0
3662,31.0
3663,38.0
3664,33.0
3665,32.0
3666,31.0
3667,34.0
3668,32.0
3669,43.0
3670,39.0
3671,25.0
3672,26.0
3673,18.0
3674,25.0
3675,37.0
3676,24.0
3677,27.0
3678,25.0
3679,35.0
3680,37.0
3681,31.0
3682,32.0
3683,22.0
3684,33.0
3685,39.0
3686,39.0
3687,34.0
3688,33.0
3689,32.0
3690,24.0
3691,20.0
3692,23.0
3693,33.0
3694,42.0
3695,51.0
3696,43.0
3697,40.0
3698,38.0
3699,36.0
3700,44.0
3701,48.0
3702,54.0
3703,53.0
3704,49.0
3705,46.0
3706,43.0
3707,43.0
3708,42.0
3709,39.0
3710,29.0
3711,24.0
3712,29.0
3713,22.0
3714,43.0
3715,49.0
3716,54.0
3717,46.0
3718,51.0
3719,49.0
3720,51.0
3721,54.0
3722,50.0
3723,51.0
3724,42.0
3725,45.0
3726,44.0
3727,44.0
3728,44.0
3729,38.0
3730,34.0
3731,28.0
3732,21.0
3733,23.0
3734,16.0
3735,37.0
3736,28.0
3737,20.0
3738,19.0
3739,43.0
3740,38.0
3741,31.0
3742,44.0
3743,40.0
3744,38.0
3745,36.0
3746,30.0
3747,23.0
3748,29.0
3749,16.0
3750,17.0
3751,23.0
3752,32.0
3753,37.0
3754,29.0
3755,26.0
3756,18.0
3757,26.0
3758,35.0
3759,31.0
3760,47.0
3761,41.0
3762,33.0
3763,28.0
3764,30.0
3765,30.0
3766,26.0
3767,38.0
3768,36.0
3769,30.0
3770,21.0
3771,23.0
3772,40.0
3773,39.0
3774,38.0
3775,36.0
3776,35.0
3777,39.0
3778,39.0
3779,32.0
3780,44.0
3781,48.0
3782,47.0
3783,45.0
3784,44.0
3785,47.0
3786,40.0
3787,38.0
3788,30.0
3789,39.0
3790,34.0
3791,31.0
3792,21.0
3793,25.0
3794,18.0
3795,32.0
3796,47.0
3797,41.0
3798,33.0
3799,27.0
3800,25.0
3801,51.0
3802,42.0
3803,43.0
3804,40.0
3805,39.0
3806,31.0
3807,31.0
3808,27.0
3809,16.0
3810,28.0
3811,16.0
3812,31.0
3813,19.0
3814,43.0
3815,42.0
3816,47.0
3817,47.0
3818,39.0
3819,44.0
3820,44.0
3821,37.0
3822,30.0
3823,23.0
3824,28.0
3825,31.0
3826,29.0
3827,33.0
3828,33.0
3829,27.0
3830,23.0
3831,33.0
3832,34.0
3833,36.0
3834,34.0
3835,40.0
3836,40.0
3837,29.0
3838,37.0
3839,45.0
3840,41.0
3841,43.0
3842,40.0
3843,38.0
3844,35.0
3845,33.0
3846,26.0
3847,19.0
3848,22.0
3849,39.0
3850,45.0
3851,53.0
3852,52.0
3853,51.0
3854,49.0
3855,52.0
3856,50.0
3857,48.0
3858,43.0
3859,40.0
3860,40.0
3861,37.0
3862,33.0
3863,26.0
3864,26.0
3865,16.0
3866,19.0
3867,16.0
3868,15.0
3869,19.0
3870,29.0
3871,20.0
3872,19.0
3873,33.0
3874,27.0
3875,23.0
3876,19.0
3877,32.0
3878,41.0
3879,48.0
3880,43.0
3881,35.0
3882,31.0
3883,28.0
3884,19.0
3885,19.0
3886,26.0
3887,24.0
3888,25.0
3889,25.0
3890,28.0
3891,36.0
3892,49.0
3893,42.0
3894,43.0
3895,45.0
3896,37.0
3897,31.0
3898,33.0
3899,40.0
3900,43.0
3901,40.0
3902,36.0
3903,33.0
3904,36.0
3905,31.0
3906,29.0
3907,21.0
3908,43.0
3909,53.0
3910,52.0
3911,47.0
3912,51.0
3913,59.0
3914,53.0
3915,53.0
3916,51.0
3917,49.0
3918,48.0
3919,43.0
3920,39.0
3921,42.0
3922,40.0
3923,37.0
3924,33.0
3925,39.0
3926,36.0
3927,28.0
3928,24.0
3929,31.0
3930,22.0
3931,42.0
3932,38.0
3933,32.0
3934,23.0
3935,42.0
3936,35.0
3937,43.0
3938,43.0
3939,38.0
3940,36.0
3941,34.0
3942,28.0
3943,24.0
3944,22.0
3945,20.0
3946,19.0
3947,19.0
3948,39.0
3949,43.0
3950,37.0
3951,24.0
3952,39.0
3953,30.0
3954,24.0
3955,44.0
3956,34.0
3957,33.0
3958,30.0
3959,29.0
3960,23.0
3961,24.0
3962,33.0
3963,29.0
3964,48.0
3965,44.0
3966,34.0
3967,28.0
3968,29.0
3969,52.0
3970,55.0
3971,52.0
3972,47.0
3973,48.0
3974,49.0
3975,53.0
3976,52.0
3977,51.0
3978,42.0
3979,41.0
3980,37.0
3981,30.0
3982,34.0
3983,37.0
3984,47.0
3985,39.0
3986,41.0
3987,53.0
3988,55.0
3989,53.0
3990,47.0
3991,49.0
3992,49.0
3993,52.0
3994,50.0
3995,53.0
3996,45.0
3997,46.0
3998,49.0
3999,48.0
4000,45.0
4001,48.0
4002,48.0
4003,47.0
4004,49.0
4005,48.0
4006,43.0
4007,38.0
4008,33.0
4009,34.0
4010,25.0
4011,20.0
4012,47.0
4013,38.0
4014,37.0
4015,33.0
4016,30.0
4017,27.0
4018,22.0
4019,41.0
4020,33.0
4021,31.0
4022,23.0
4023,22.0
4024,23.0
4025,26.0
4026,18.0
4027,19.0
4028,29.0
4029,38.0
4030,36.0
4031,36.0
4032,41.0
4033,37.0
4034,30.0
4035,22.0
4036,41.0
4037,35.0
4038,29.0
4039,22.0
4040,31.0
4041,22.0
4042,43.0
4043,34.0
4044,37.0
4045,49.0
4046,52.0
4047,44.0
4048,39.0
4049,35.0
4050,38.0
4051,51.0
4052,47.0
4053,49.0
4054,44.0
4055,45.0
4056,44.0
4057,38.0
4058,34.0
4059,33.0
4060,47.0
4061,44.0
4062,44.0
4063,36.0
4064,43.0
4065,57.0
4066,56.0
4067,50.0
4068,49.0
4069,50.0
4070,52.0
4071,54.0
4072,49.0
4073,48.0
4074,48.0
4075,48.0
4076,46.0
4077,47.0
4078,48.0
4079,46.0
4080,42.0
4081,51.0
4082,52.0
4083,51.0
4084,44.0
4085,45.0
4086,48.0
4087,35.0
4088,25.0
4089,40.0
4090,31.0
4091,33.0
4092,32.0
4093,27.0
4094,35.0
4095,25.0
4096,22.0
4097,33.0
4098,28.0
4099,41.0
4100,34.0
4101,27.0
4102,21.0
4103,26.0
4104,46.0
4105,39.0
4106,28.0
4107,26.0
4108,33.0
4109,35.0
4110,37.0
4111,37.0
4112,34.0
4113,29.0
4114,20.0
4115,22.0
4116,26.0
4117,33.0
4118,33.0
4119,31.0
4120,26.0
4121,38.0
4122,48.0
4123,38.0
4124,30.0
4125,33.0
4126,30.0
4127,41.0
4128,46.0
4129,46.0
4130,46.0
4131,48.0
4132,46.0
4133,43.0
4134,38.0
4135,40.0
4136,35.0
4137,30.0
4138,33.0
4139,56.0
4140,55.0
4141,53.0
4142,50.0
4143,53.0
4144,53.0
4145,56.0
4146,53.0
4147,50.0
4148,37.0
4149,39.0
4150,44.0
4151,44.0
4152,40.0
4153,41.0
4154,38.0
4155,43.0
4156,43.0
4157,33.0
4158,34.0
4159,29.0
4160,19.0
4161,37.0
4162,43.0
4163,37.0
4164,35.0
4165,38.0
4166,30.0
4167,30.0
4168,23.0
4169,28.0
4170,20.0
4171,28.0
4172,22.0
4173,20.0
4174,19.0
4175,21.0
4176,16.0
4177,33.0
4178,39.0
4179,37.0
4180,30.0
4181,32.0
4182,25.0
4183,48.0
4184,44.0
4185,45.0
4186,40.0
4187,29.0
4188,28.0
4189,30.0
4190,25.0
4191,27.0
4192,28.0
4193,28.0
4194,35.0
4195,28.0
4196,27.0
4197,43.0
4198,44.0
4199,41.0
4200,37.0
4201,39.0
4202,37.0
4203,39.0
4204,37.0
4205,30.0
4206,26.0
4207,35.0
4208,37.0
4209,33.0
4210,26.0
4211,27.0
4212,24.0
4213,20.0
4214,38.0
4215,39.0
4216,38.0
4217,29.0
4218,27.0
4219,42.0
4220,43.0
4221,37.0
4222,38.0
4223,31.0
4224,34.0
4225,30.0
4226,20.0
4227,25.0
4228,16.0
4229,21.0
4230,19.0
4231,24.0
4232,23.0
4233,35.0
4234,24.0
4235,27.0
4236,37.0
4237,34.0
4238,30.0
4239,38.0
4240,33.0
4241,40.0
4242,33.0
4243,31.0
4244,31.0
4245,45.0
4246,41.0
4247,34.0
4248,23.0
4249,30.0
4250,34.0
4251,36.0
4252,28.0
4253,39.0
4254,36.0
4255,39.0
4256,57.0
4257,58.0
4258,52.0
4259,47.0
4260,49.0
4261,52.0
4262,51.0
4263,47.0
4264,44.0
4265,50.0
4266,48.0
4267,47.0
4268,48.0
4269,51.0
4270,53.0
4271,50.0
4272,52.0
4273,46.0
4274,40.0
4275,39.0
4276,27.0
4277,19.0
4278,33.0
4279,31.0
4280,31.0
4281,36.0
4282,26.0
4283,20.0
4284,43.0
4285,38.0
4286,31.0
4287,30.0
4288,25.0
4289,20.0
4290,29.0
4291,20.0
4292,23.0
4293,16.0
4294,39.0
4295,37.0
4296,32.0
4297,36.0
4298,31.0
4299,25.0
4300,23.0
4301,28.0
4302,32.0
4303,29.0
4304,30.0
4305,23.0
4306,23.0
4307,31.0
4308,22.0
4309,47.0
4310,30.0
4311,31.0
4312,40.0
4313,39.0
4314,38.0
4315,47.0
4316,53.0
4317,49.0
4318,51.0
4319,46.0
4320,45.0
4321,41.0
4322,34.0
4323,27.0
4324,33.0
4325,43.0
4326,45.0
4327,41.0
4328,46.0
4329,55.0
4330,52.0
4331,54.0
4332,49.0
4333,54.0
4334,51.0
4335,48.0
4336,51.0
4337,53.0
4338,48.0
4339,47.0
4340,45.0
4341,41.0
4342,47.0
4343,45.0
4344,40.0
4345,38.0
4346,37.0
4347,34.0
4348,28.0
4349,19.0
4350,28.0
4351,32.0
4352,30.0
4353,27.0
4354,26.0
4355,32.0
4356,47.0
4357,44.0
4358,37.0
4359,41.0
4360,39.0
4361,27.0
4362,25.0
4363,20.0
4364,30.0
4365,21.0
4366,28.0
4367,22.0
4368,20.0
4369,18.0
4370,27.0
4371,26.0
4372,21.0
4373,26.0
4374,33.0
4375,30.0
4376,27.0
4377,22.0
4378,42.0
4379,32.0
4380,30.0
4381,30.0
4382,33.0
4383,25.0
4384,32.0
4385,43.0
4386,48.0
4387,54.0
4388,51.0
4389,55.0
4390,43.0
4391,47.0
4392,48.0
4393,45.0
4394,43.0
4395,41.0
4396,33.0
4397,36.0
4398,37.0
4399,31.0
4400,20.0
4401,25.0
4402,23.0
4403,32.0
4404,37.0
4405,29.0
4406,24.0
4407,23.0
4408,36.0
4409,28.0
4410,32.0
4411,26.0
4412,23.0
4413,37.0
4414,48.0
4415,47.0
4416,39.0
4417,33.0
4418,21.0
4419,26.0
4420,17.0
4421,20.0
4422,22.0
4423,31.0
4424,18.0
4425,30.0
4426,35.0
4427,34.0
4428,29.0
4429,21.0
4430,41.0
4431,32.0
4432,41.0
4433,37.0
4434,35.0
4435,36.0
4436,26.0
4437,21.0
4438,31.0
4439,30.0
4440,32.0
4441,32.0
4442,45.0
4443,37.0
4444,24.0
4445,34.0
4446,52.0
4447,49.0
4448,48.0
4449,43.0
4450,44.0
4451,41.0
4452,44.0
4453,41.0
4454,36.0
4455,31.0
4456,32.0
4457,33.0
4458,40.0
4459,45.0
4460,48.0
4461,50.0
4462,48.0
4463,49.0
4464,51.0
4465,49.0
4466,44.0
4467,49.0
4468,45.0
4469,35.0
4470,21.0
4471,30.0
4472,24.0
4473,34.0
4474,32.0
4475,40.0
4476,37.0
4477,27.0
4478,23.0
4479,17.0
4480,36.0
4481,30.0
4482,37.0
4483,28.0
4484,25.0
4485,19.0
4486,27.0
4487,36.0
4488,25.0
4489,23.0
4490,18.0
4491,27.0
4492,32.0
4493,40.0
4494,34.0
4495,27.0
4496,23.0
4497,23.0
4498,24.0
4499,27.0
4500,29.0
4501,41.0
4502,38.0
4503,30.0
4504,34.0
4505,43.0
4506,36.0
4507,29.0
4508,29.0
4509,39.0
4510,44.0
4511,46.0
4512,38.0
4513,37.0
4514,41.0
4515,40.0
4516,35.0
4517,36.0
4518,35.0
4519,37.0
4520,39.0
4521,31.0
4522,48.0
4523,46.0
4524,48.0
4525,49.0
4526,50.0
4527,53.0
4528,52.0
4529,51.0
4530,47.0
4531,47.0
4532,43.0
4533,44.0
4534,43.0
4535,42.0
4536,41.0
4537,42.0
4538,43.0
4539,40.0
4540,35.0
4541,26.0
4542,24.0
4543,19.0
4544,30.0
4545,26.0
4546,31.0
4547,24.0
4548,25.0
4549,38.0
4550,36.0
4551,35.0
4552,31.0
4553,24.0
4554,22.0
4555,19.0
4556,19.0
4557,25.0
4558,21.0
4559,20.0
4560,12.0
4561,33.0
4562,24.0
4563,31.0
4564,26.0
4565,29.0
4566,28.0
4567,37.0
4568,32.0
4569,33.0
4570,32.0
4571,35.0
4572,31.0
4573,38.0
4574,37.0
4575,34.0
4576,32.0
4577,27.0
4578,41.0
4579,43.0
4580,40.0
4581,48.0
4582,48.0
4583,47.0
4584,42.0
4585,41.0
4586,44.0
4587,40.0
4588,34.0
4589,34.0
4590,29.0
4591,36.0
4592,44.0
4593,45.0
4594,44.0
4595,46.0
4596,43.0
4597,39.0
4598,32.0
4599,34.0
4600,32.0
4601,20.0
4602,24.0
4603,38.0
4604,30.0
4605,25.0
4606,25.0
4607,22.0
4608,33.0
4609,37.0
4610,36.0
4611,29.0
4612,23.0
4613,16.0
4614,29.0
4615,21.0
4616,31.0
4617,24.0
4618,23.0
4619,34.0
4620,36.0
4621,45.0
4622,34.0
4623,25.0
4624,31.0
4625,37.0
4626,33.0
4627,34.0
4628,34.0
4629,30.0
4630,25.0
4631,26.0
4632,26.0
4633,26.0
4634,27.0
4635,46.0
4636,41.0
4637,31.0
4638,26.0
4639,49.0
4640,48.0
4641,48.0
4642,46.0
4643,47.0
4644,50.0
4645,49.0
4646,43.0
4647,44.0
4648,41.0
4649,33.0
4650,34.0
4651,36.0
4652,27.0
4653,21.0
4654,28.0
4655,46.0
4656,51.0
4657,52.0
4658,50.0
4659,45.0
4660,46.0
4661,52.0
4662,44.0
4663,41.0
4664,38.0
4665,36.0
4666,27.0
4667,26.0
4668,25.0
4669,25.0
4670,29.0
4671,30.0
4672,25.0
4673,23.0
4674,15.0
4675,33.0
4676,27.0
4677,25.0
4678,27.0
4679,14.0
4680,19.0
4681,20.0
4682,16.0
4683,17.0
4684,28.0
4685,30.0
4686,29.0
4687,22.0
4688,24.0
4689,32.0
4690,24.0
4691,31.0
4692,26.0
4693,21.0
4694,25.0
4695,39.0
4696,38.0
4697,43.0
4698,34.0
4699,31.0
4700,30.0
4701,42.0
4702,48.0
4703,47.0
4704,51.0
4705,48.0
4706,47.0
4707,44.0
4708,38.0
4709,34.0
4710,28.0
4711,31.0
4712,31.0
4713,33.0
4714,31.0
4715,37.0
4716,46.0
4717,48.0
4718,49.0
4719,54.0
4720,49.0
4721,46.0
4722,43.0
4723,47.0
4724,50.0
4725,47.0
4726,42.0
4727,38.0
4728,33.0
4729,34.0
4730,32.0
4731,24.0
4732,23.0
4733,21.0
4734,16.0
4735,27.0
4736,18.0
4737,17.0
4738,25.0
4739,19.0
4740,29.0
4741,21.0
4742,19.0
4743,28.0
4744,16.0
4745,21.0
4746,22.0
4747,25.0
4748,24.0
4749,19.0
4750,16.0
4751,14.0
4752,15.0
4753,20.0
4754,20.0
4755,29.0
4756,23.0
4757,23.0
4758,17.0
4759,45.0
4760,48.0
4761,42.0
4762,51.0
4763,49.0
4764,45.0
4765,44.0
4766,35.0
4767,38.0
4768,39.0
4769,40.0
4770,40.0
4771,35.0
4772,31.0
4773,31.0
4774,33.0
4775,40.0
4776,31.0
4777,38.0
4778,45.0
4779,48.0
4780,46.0
4781,49.0
4782,50.0
4783,50.0
4784,49.0
4785,47.0
4786,47.0
4787,46.0
4788,45.0
4789,46.0
4790,42.0
4791,38.0
4792,28.0
4793,28.0
4794,28.0
4795,20.0
4796,20.0
4797,20.0
4798,32.0
4799,27.0
4800,20.0
4801,30.0
4802,45.0
4803,41.0
4804,34.0
4805,33.0
4806,31.0
4807,28.0
4808,23.0
4809,26.0
4810,14.0
4811,15.0
4812,14.0
4813,14.0
4814,29.0
4815,19.0
4816,26.0
4817,15.0
4818,32.0
4819,34.0
4820,33.0
4821,24.0
4822,33.0
4823,35.0
4824,33.0
4825,45.0
4826,37.0
4827,38.0
4828,38.0
4829,36.0
4830,40.0
4831,39.0
4832,30.0
4833,32.0
4834,23.0
4835,41.0
4836,28.0
4837,35.0
4838,49.0
4839,41.0
4840,36.0
4841,29.0
4842,39.0
4843,43.0
4844,42.0
4845,43.0
4846,36.0
4847,38.0
4848,42.0
4849,39.0
4850,34.0
4851,30.0
4852,26.0
4853,25.0
4854,24.0
4855,19.0
4856,23.0
4857,36.0
4858,26.0
4859,20.0
4860,37.0
4861,45.0
4862,38.0
4863,32.0
4864,33.0
4865,29.0
4866,23.0
4867,21.0
4868,15.0
4869,18.0
4870,25.0
4871,16.0
4872,19.0
4873,18.0
4874,37.0
4875,25.0
4876,25.0
4877,29.0
4878,21.0
4879,37.0
4880,27.0
4881,21.0
4882,47.0
4883,36.0
4884,38.0
4885,35.0
4886,34.0
4887,34.0
4888,41.0
4889,41.0
4890,37.0
4891,30.0
4892,21.0
4893,43.0
4894,43.0
4895,49.0
4896,42.0
4897,39.0
4898,42.0
4899,46.0
4900,35.0
4901,27.0
4902,31.0
4903,48.0
4904,51.0
4905,53.0
4906,43.0
4907,37.0
4908,42.0
4909,47.0
4910,44.0
4911,46.0
4912,47.0
4913,43.0
4914,43.0
4915,34.0
4916,28.0
4917,27.0
4918,18.0
4919,23.0
4920,38.0
4921,26.0
4922,25.0
4923,31.0
4924,19.0
4925,41.0
4926,39.0
4927,37.0
4928,31.0
4929,30.0
4930,27.0
4931,24.0
4932,21.0
4933,25.0
4934,20.0
4935,17.0
4936,17.0
4937,23.0
4938,24.0
4939,15.0
4940,25.0
4941,43.0
4942,32.0
4943,29.0
4944,31.0
4945,28.0
4946,21.0
4947,31.0
4948,32.0
4949,24.0
4950,27.0
4951,32.0
4952,27.0
4953,28.0
4954,22.0
4955,43.0
4956,36.0
4957,32.0
4958,36.0
4959,38.0
4960,31.0
4961,29.0
4962,43.0
4963,53.0
4964,49.0
4965,45.0
4966,47.0
4967,47.0
4968,46.0
4969,47.0
4970,41.0
4971,43.0
4972,39.0
4973,32.0
4974,30.0
4975,26.0
4976,19.0
4977,33.0
4978,36.0
4979,31.0
4980,34.0
4981,37.0
4982,32.0
4983,27.0
4984,27.0
4985,35.0
4986,28.0
4987,27.0
4988,22.0
4989,21.0
4990,18.0
4991,18.0
4992,15.0
4993,21.0
4994,16.0
4995,24.0
4996,15.0
4997,16.0
4998,27.0
4999,34.0
5000,27.0
5001,21.0
5002,23.0
5003,22.0
5004,34.0
5005,32.0
5006,33.0
5007,32.0
5008,30.0
5009,23.0
5010,20.0
5011,28.0
5012,27.0
5013,34.0
5014,38.0
5015,39.0
5016,27.0
5017,29.0
5018,50.0
5019,50.0
5020,51.0
5021,50.0
5022,43.0
5023,46.0
5024,43.0
5025,47.0
5026,45.0
5027,43.0
5028,43.0
5029,36.0
5030,36.0
5031,36.0
5032,41.0
5033,43.0
5034,36.0
5035,32.0
5036,23.0
5037,26.0
5038,16.0
5039,38.0
5040,31.0
5041,26.0
5042,30.0
5043,20.0
5044,31.0
5045,37.0
5046,41.0
5047,39.0
5048,30.0
5049,32.0
5050,30.0
5051,21.0
5052,22.0
5053,17.0
5054,15.0
5055,19.0
5056,12.0
5057,36.0
5058,36.0
5059,27.0
5060,29.0
5061,32.0
5062,25.0
5063,25.0
5064,40.0
5065,32.0
5066,38.0
5067,36.0
5068,32.0
5069,31.0
5070,25.0
5071,27.0
5072,25.0
5073,28.0
5074,26.0
5075,39.0
5076,31.0
5077,21.0
5078,31.0
5079,33.0
5080,37.0
5081,28.0
5082,38.0
5083,34.0
5084,26.0
5085,36.0
5086,44.0
5087,48.0
5088,42.0
5089,42.0
5090,44.0
5091,44.0
5092,42.0
5093,37.0
5094,33.0
5095,27.0
5096,26.0
5097,17.0
5098,22.0
5099,15.0
5100,39.0
5101,41.0
5102,35.0
5103,23.0
5104,31.0
5105,21.0
5106,35.0
5107,33.0
5108,33.0
5109,26.0
5110,21.0
5111,22.0
5112,20.0
5113,17.0
5114,28.0
5115,25.0
5116,22.0
5117,23.0
5118,16.0
5119,43.0
5120,33.0
5121,25.0
5122,31.0
5123,38.0
5124,30.0
5125,25.0
5126,49.0
5127,38.0
5128,35.0
5129,30.0
5130,22.0
5131,28.0
5132,22.0
5133,31.0
5134,36.0
5135,45.0
5136,34.0
5137,27.0
5138,24.0
5139,28.0
5140,37.0
5141,49.0
5142,52.0
5143,50.0
5144,51.0
5145,49.0
5146,47.0
5147,48.0
5148,46.0
5149,42.0
5150,40.0
5151,32.0
5152,24.0
5153,27.0
5154,16.0
5155,27.0
5156,32.0
5157,43.0
5158,40.0
5159,38.0
5160,29.0
5161,27.0
5162,21.0
5163,21.0
5164,22.0
5165,28.0
5166,23.0
5167,31.0
5168,23.0
5169,21.0
5170,27.0
5171,30.0
5172,26.0
5173,33.0
5174,27.0
5175,17.0
5176,14.0
5177,20.0
5178,20.0
5179,22.0
5180,14.0
5181,28.0
5182,22.0
5183,23.0
5184,20.0
5185,25.0
5186,27.0
5187,27.0
5188,23.0
5189,20.0
5190,19.0
5191,28.0
5192,29.0
5193,27.0
5194,30.0
5195,31.0
5196,32.0
5197,23.0
5198,27.0
5199,26.0
5200,35.0
5201,32.0
5202,32.0
5203,33.0
5204,35.0
5205,33.0
5206,31.0
5207,37.0
5208,49.0
5209,43.0
5210,45.0
5211,46.0
5212,46.0
5213,44.0
5214,38.0
5215,33.0
5216,35.0
5217,39.0
5218,38.0
5219,31.0
5220,23.0
5221,21.0
5222,17.0
5223,17.0
5224,30.0
5225,41.0
5226,36.0
5227,29.0
5228,21.0
5229,25.0
5230,33.0
5231,32.0
5232,35.0
5233,32.0
5234,31.0
5235,26.0
5236,23.0
5237,18.0
5238,27.0
5239,16.0
5240,21.0
5241,13.0
5242,17.0
5243,22.0
5244,34.0
5245,26.0
5246,20.0
5247,29.0
5248,39.0
5249,35.0
5250,28.0
5251,28.0
5252,23.0
5253,24.0
5254,37.0
5255,26.0
5256,27.0
5257,35.0
5258,32.0
5259,29.0
5260,30.0
5261,26.0
5262,19.0
5263,35.0
5264,35.0
5265,32.0
5266,29.0
5267,33.0
5268,33.0
5269,27.0
5270,44.0
5271,51.0
5272,45.0
5273,46.0
5274,42.0
5275,34.0
5276,38.0
5277,41.0
5278,41.0
5279,41.0
5280,43.0
5281,40.0
5282,36.0
5283,29.0
5284,29.0
5285,27.0
5286,18.0
5287,25.0
5288,25.0
5289,25.0
5290,20.0
5291,19.0
5292,32.0
5293,32.0
5294,36.0
5295,32.0
5296,23.0
5297,23.0
5298,17.0
5299,13.0
5300,19.0
5301,24.0
5302,20.0
5303,20.0
5304,17.0
5305,28.0
5306,32.0
5307,27.0
5308,22.0
5309,16.0
5310,35.0
5311,28.0
5312,33.0
5313,41.0
5314,39.0
5315,37.0
5316,31.0
5317,27.0
5318,23.0
5319,23.0
5320,38.0
5321,35.0
5322,45.0
5323,43.0
5324,38.0
5325,44.0
5326,47.0
5327,39.0
5328,28.0
5329,37.0
5330,44.0
5331,51.0
5332,48.0
5333,43.0
5334,43.0
5335,45.0
5336,44.0
5337,42.0
5338,42.0
5339,42.0
5340,43.0
5341,43.0
5342,45.0
5343,43.0
5344,38.0
5345,24.0
5346,27.0
5347,14.0
5348,21.0
5349,30.0
5350,24.0
5351,31.0
5352,22.0
5353,22.0
5354,35.0
5355,31.0
5356,35.0
5357,32.0
5358,31.0
5359,23.0
5360,23.0
5361,15.0
5362,15.0
5363,22.0
5364,15.0
5365,26.0
5366,23.0
5367,26.0
5368,22.0
5369,19.0
5370,38.0
5371,33.0
5372,25.0
5373,25.0
5374,15.0
5375,33.0
5376,36.0
5377,31.0
5378,31.0
5379,30.0
5380,31.0
5381,25.0
5382,29.0
5383,24.0
5384,29.0
5385,30.0
5386,31.0
5387,35.0
5388,34.0
5389,37.0
5390,34.0
5391,42.0
5392,42.0
5393,44.0
5394,43.0
5395,47.0
5396,46.0
5397,42.0
5398,41.0
5399,37.0
5400,36.0
5401,40.0
5402,41.0
5403,41.0
5404,36.0
5405,28.0
5406,22.0
5407,23.0
5408,24.0
5409,30.0
5410,25.0
5411,27.0
5412,24.0
5413,21.0
5414,45.0
5415,40.0
5416,44.0
5417,41.0
5418,38.0
5419,34.0
5420,29.0
5421,24.0
5422,22.0
5423,15.0
5424,19.0
5425,18.0
5426,17.0
5427,19.0
5428,23.0
5429,28.0
5430,18.0
5431,27.0
5432,14.0
5433,43.0
5434,34.0
5435,28.0
5436,38.0
5437,33.0
5438,32.0
5439,29.0
5440,19.0
5441,28.0
5442,23.0
5443,26.0
5444,32.0
5445,31.0
5446,26.0
5447,28.0
5448,23.0
5449,37.0
5450,45.0
5451,38.0
5452,31.0
5453,32.0
5454,29.0
5455,42.0
5456,49.0
5457,48.0
5458,43.0
5459,43.0
5460,47.0
5461,45.0
5462,40.0
5463,39.0
5464,35.0
5465,30.0
5466,27.0
5467,22.0
5468,24.0
5469,21.0
5470,35.0
5471,32.0
5472,31.0
5473,22.0
5474,25.0
5475,29.0
5476,32.0
5477,35.0
5478,37.0
5479,29.0
5480,23.0
5481,21.0
5482,16.0
5483,18.0
5484,18.0
5485,15.0
5486,18.0
5487,17.0
5488,24.0
5489,23.0
5490,26.0
5491,31.0
5492,28.0
5493,23.0
5494,17.0
5495,31.0
5496,25.0
5497,36.0
5498,37.0
5499,32.0
5500,32.0
5501,24.0
5502,28.0
5503,19.0
5504,37.0
5505,36.0
5506,42.0
5507,40.0
5508,27.0
5509,30.0
5510,45.0
5511,37.0
5512,33.0
5513,50.0
5514,49.0
5515,51.0
5516,52.0
5517,46.0
5518,47.0
5519,45.0
5520,43.0
5521,47.0
5522,44.0
5523,41.0
5524,37.0
5525,36.0
5526,32.0
5527,32.0
5528,29.0
5529,19.0
5530,20.0
5531,33.0
5532,30.0
5533,32.0
5534,24.0
5535,24.0
5536,22.0
5537,40.0
5538,32.0
5539,38.0
5540,33.0
5541,26.0
5542,19.0
5543,19.0
5544,11.0
5545,23.0
5546,18.0
5547,20.0
5548,17.0
5549,17.0
5550,12.0
5551,19.0
5552,24.0
5553,32.0
5554,27.0
5555,25.0
5556,22.0
5557,17.0
5558,30.0
5559,34.0
5560,37.0
5561,31.0
5562,22.0
5563,25.0
5564,19.0
5565,23.0
5566,36.0
5567,32.0
5568,34.0
5569,31.0
5570,25.0
5571,25.0
5572,40.0
5573,42.0
5574,40.0
5575,45.0
5576,49.0
5577,47.0
5578,46.0
5579,46.0
5580,48.0
5581,41.0
5582,36.0
5583,28.0
5584,29.0
5585,20.0
5586,20.0
5587,15.0
5588,25.0
5589,23.0
5590,23.0
5591,16.0
5592,12.0
5593,26.0
5594,26.0
5595,16.0
5596,15.0
5597,19.0
5598,19.0
5599,14.0
5600,37.0
5601,30.0
5602,29.0
5603,28.0
5604,21.0
5605,18.0
5606,18.0
5607,27.0
5608,24.0
5609,28.0
5610,19.0
5611,15.0
5612,29.0
5613,26.0
5614,31.0
5615,25.0
5616,30.0
5617,48.0
5618,45.0
5619,49.0
5620,45.0
5621,47.0
5622,44.0
5623,38.0
5624,37.0
5625,43.0
5626,43.0
5627,41.0
5628,40.0
5629,35.0
5630,35.0
5631,34.0
5632,39.0
5633,44.0
5634,44.0
5635,43.0
5636,38.0
5637,43.0
5638,46.0
5639,48.0
5640,49.0
5641,49.0
5642,44.0
5643,41.0
5644,41.0
5645,38.0
5646,32.0
5647,37.0
5648,39.0
5649,40.0
5650,34.0
5651,26.0
5652,24.0
5653,24.0
5654,21.0
5655,31.0
5656,24.0
5657,27.0
5658,18.0
5659,23.0
5660,39.0
5661,38.0
5662,40.0
5663,32.0
5664,29.0
5665,30.0
5666,22.0
5667,20.0
5668,19.0
5669,17.0
5670,18.0
5671,14.0
5672,16.0
5673,23.0
5674,25.0
5675,22.0
5676,17.0
5677,38.0
5678,25.0
5679,26.0
5680,13.0
5681,17.0
5682,27.0
5683,31.0
5684,33.0
5685,31.0
5686,33.0
5687,32.0
5688,25.0
5689,17.0
5690,19.0
5691,25.0
5692,36.0
5693,38.0
5694,38.0
5695,30.0
5696,28.0
5697,40.0
5698,48.0
5699,48.0
5700,50.0
5701,47.0
5702,47.0
5703,46.0
5704,45.0
5705,43.0
5706,43.0
5707,39.0
5708,29.0
5709,22.0
5710,25.0
5711,18.0
5712,20.0
5713,18.0
5714,14.0
5715,16.0
5716,14.0
5717,33.0
5718,28.0
5719,22.0
5720,19.0
5721,22.0
5722,17.0
5723,26.0
5724,23.0
5725,20.0
5726,21.0
5727,18.0
5728,16.0
5729,22.0
5730,21.0
5731,13.0
5732,12.0
5733,26.0
5734,37.0
5735,35.0
5736,32.0
5737,29.0
5738,38.0
5739,47.0
5740,51.0
5741,48.0
5742,45.0
5743,48.0
5744,46.0
5745,42.0
5746,42.0
5747,36.0
5748,33.0
5749,33.0
5750,35.0
5751,38.0
5752,37.0
5753,31.0
5754,29.0
5755,34.0
5756,46.0
5757,50.0
5758,53.0
5759,49.0
5760,50.0
5761,47.0
5762,43.0
5763,48.0
5764,46.0
5765,41.0
5766,44.0
5767,42.0
5768,42.0
5769,42.0
5770,42.0
5771,41.0
5772,28.0
5773,29.0
5774,24.0
5775,22.0
5776,26.0
5777,32.0
5778,30.0
5779,31.0
5780,29.0
5781,22.0
5782,29.0
5783,37.0
5784,38.0
5785,38.0
5786,30.0
5787,33.0
5788,27.0
5789,22.0
5790,21.0
5791,18.0
5792,25.0
5793,15.0
5794,14.0
5795,19.0
5796,23.0
5797,27.0
5798,33.0
5799,24.0
5800,23.0
5801,35.0
5802,32.0
5803,30.0
5804,39.0
5805,41.0
5806,36.0
5807,29.0
5808,26.0
5809,20.0
5810,33.0
5811,28.0
5812,26.0
5813,33.0
5814,31.0
5815,28.0
5816,22.0
5817,30.0
5818,33.0
5819,32.0
5820,26.0
5821,29.0
5822,25.0
5823,43.0
5824,46.0
5825,44.0
5826,42.0
5827,41.0
5828,42.0
5829,42.0
5830,45.0
5831,40.0
5832,44.0
5833,42.0
5834,34.0
5835,27.0
5836,29.0
5837,24.0
5838,21.0
5839,28.0
5840,21.0
5841,30.0
5842,17.0
5843,21.0
5844,33.0
5845,30.0
5846,35.0
5847,34.0
5848,28.0
5849,23.0
5850,21.0
5851,14.0
5852,18.0
5853,20.0
5854,15.0
5855,16.0
5856,16.0
5857,20.0
5858,32.0
5859,27.0
5860,24.0
5861,18.0
5862,25.0
5863,28.0
5864,38.0
5865,43.0
5866,42.0
5867,37.0
5868,32.0
5869,26.0
5870,22.0
5871,19.0
5872,41.0
5873,35.0
5874,38.0
5875,34.0
5876,27.0
5877,29.0
5878,44.0
5879,40.0
5880,27.0
5881,43.0
5882,46.0
5883,47.0
5884,46.0
5885,43.0
5886,40.0
5887,40.0
5888,40.0
5889,39.0
5890,39.0
5891,41.0
5892,40.0
5893,42.0
5894,40.0
5895,34.0
5896,30.0
5897,27.0
5898,23.0
5899,22.0
5900,39.0
5901,34.0
5902,32.0
5903,27.0
5904,28.0
5905,19.0
5906,30.0
5907,32.0
5908,27.0
5909,24.0
5910,18.0
5911,12.0
5912,11.0
5913,11.0
5914,19.0
5915,19.0
5916,17.0
5917,11.0
5918,20.0
5919,46.0
5920,37.0
5921,26.0
5922,22.0
5923,18.0
5924,28.0
5925,32.0
5926,37.0
5927,33.0
5928,29.0
5929,24.0
5930,22.0
5931,19.0
5932,23.0
5933,35.0
5934,29.0
5935,31.0
5936,28.0
5937,25.0
5938,25.0
5939,46.0
5940,46.0
5941,43.0
5942,45.0
5943,47.0
5944,45.0
5945,46.0
5946,43.0
5947,45.0
5948,42.0
5949,41.0
5950,36.0
5951,33.0
5952,37.0
5953,40.0
5954,42.0
5955,42.0
5956,43.0
5957,38.0
5958,28.0
5959,25.0
5960,18.0
5961,22.0
5962,30.0
5963,21.0
5964,25.0
5965,14.0
5966,17.0
5967,30.0
5968,35.0
5969,38.0
5970,34.0
5971,26.0
5972,21.0
5973,18.0
5974,15.0
5975,11.0
5976,18.0
5977,39.0
5978,36.0
5979,28.0
5980,21.0
5981,28.0
5982,15.0
5983,35.0
5984,32.0
5985,35.0
5986,30.0
5987,28.0
5988,23.0
5989,21.0
5990,24.0
5991,35.0
5992,29.0
5993,39.0
5994,37.0
5995,29.0
5996,30.0
5997,32.0
5998,45.0
5999,46.0
6000,47.0
6001,49.0
6002,46.0
6003,48.0
6004,48.0
6005,48.0
6006,47.0
6007,44.0
6008,40.0
6009,43.0
6010,38.0
6011,36.0
6012,35.0
6013,38.0
6014,36.0
6015,33.0
6016,27.0
6017,22.0
6018,20.0
6019,20.0
6020,31.0
6021,18.0
6022,25.0
6023,15.0
6024,36.0
6025,32.0
6026,35.0
6027,32.0
6028,35.0
6029,34.0
6030,25.0
6031,22.0
6032,15.0
6033,27.0
6034,17.0
6035,25.0
6036,18.0
6037,18.0
6038,13.0
6039,35.0
6040,28.0
6041,22.0
6042,27.0
6043,36.0
6044,29.0
6045,29.0
6046,47.0
6047,41.0
6048,35.0
6049,25.0
6050,25.0
6051,26.0
6052,22.0
6053,39.0
6054,36.0
6055,42.0
6056,37.0
6057,31.0
6058,27.0
6059,27.0
6060,38.0
6061,36.0
6062,40.0
6063,46.0
6064,45.0
6065,45.0
6066,44.0
6067,44.0
6068,45.0
6069,44.0
6070,43.0
6071,36.0
6072,32.0
6073,32.0
6074,30.0
6075,27.0
6076,28.0
6077,28.0
6078,25.0
6079,40.0
6080,38.0
6081,37.0
6082,28.0
6083,23.0
6084,25.0
6085,20.0
6086,11.0
6087,37.0
6088,33.0
6089,26.0
6090,22.0
6091,21.0
6092,25.0
6093,25.0
6094,20.0
6095,22.0
6096,16.0
6097,15.0
6098,11.0
6099,12.0
6100,20.0
6101,16.0
6102,34.0
6103,36.0
6104,32.0
6105,26.0
6106,29.0
6107,28.0
6108,29.0
6109,24.0
6110,24.0
6111,17.0
6112,20.0
6113,21.0
6114,22.0
6115,20.0
6116,26.0
6117,18.0
6118,27.0
6119,16.0
6120,31.0
6121,46.0
6122,46.0
6123,40.0
6124,35.0
6125,29.0
6126,26.0
6127,26.0
6128,25.0
6129,35.0
6130,22.0
6131,27.0
6132,17.0
6133,18.0
6134,15.0
6135,39.0
6136,29.0
6137,25.0
6138,24.0
6139,15.0
6140,22.0
6141,18.0
6142,15.0
6143,13.0
6144,34.0
6145,33.0
6146,30.0
6147,39.0
6148,38.0
6149,32.0
6150,21.0
6151,23.0
6152,21.0
6153,36.0
6154,28.0
6155,25.0
6156,28.0
6157,16.0
6158,21.0
6159,31.0
6160,28.0
6161,39.0
6162,35.0
6163,25.0
6164,25.0
6165,46.0
6166,42.0
6167,35.0
6168,23.0
6169,31.0
6170,23.0
6171,30.0
6172,28.0
6173,23.0
6174,29.0
6175,34.0
6176,31.0
6177,23.0
6178,24.0
6179,17.0
6180,15.0
6181,18.0
6182,39.0
6183,27.0
6184,23.0
6185,20.0
6186,37.0
6187,32.0
6188,31.0
6189,47.0
6190,42.0
6191,32.0
6192,29.0
6193,25.0
6194,20.0
6195,21.0
6196,23.0
6197,18.0
6198,15.0
6199,12.0
6200,22.0
6201,15.0
6202,14.0
6203,21.0
6204,26.0
6205,18.0
6206,18.0
6207,11.0
6208,30.0
6209,28.0
6210,35.0
6211,34.0
6212,26.0
6213,23.0
6214,28.0
6215,20.0
6216,35.0
6217,24.0
6218,31.0
6219,29.0
6220,31.0
6221,25.0
6222,35.0
6223,44.0
6224,44.0
6225,45.0
6226,46.0
6227,46.0
6228,45.0
6229,39.0
6230,37.0
6231,32.0
6232,29.0
6233,24.0
6234,26.0
6235,26.0
6236,20.0
6237,21.0
6238,25.0
6239,24.0
6240,16.0
6241,12.0
6242,15.0
6243,15.0
6244,18.0
6245,22.0
6246,42.0
6247,32.0
6248,27.0
6249,37.0
6250,28.0
6251,22.0
6252,34.0
6253,25.0
6254,25.0
6255,28.0
6256,24.0
6257,23.0
6258,18.0
6259,24.0
6260,33.0
6261,25.0
6262,30.0
6263,21.0
6264,20.0
6265,41.0
6266,48.0
6267,39.0
6268,33.0
6269,27.0
6270,32.0
6271,26.0
6272,30.0
6273,27.0
6274,34.0
6275,38.0
6276,39.0
6277,34.0
6278,39.0
6279,36.0
6280,31.0
6281,25.0
6282,26.0
6283,16.0
6284,17.0
6285,22.0
6286,38.0
6287,28.0
6288,19.0
6289,19.0
6290,24.0
6291,27.0
6292,34.0
6293,29.0
6294,28.0
6295,22.0
6296,23.0
6297,19.0
6298,13.0
6299,15.0
6300,25.0
6301,43.0
6302,35.0
6303,28.0
6304,26.0
6305,17.0
6306,39.0
6307,44.0
6308,36.0
6309,32.0
6310,28.0
6311,25.0
6312,27.0
6313,24.0
6314,39.0
6315,27.0
6316,25.0
6317,29.0
6318,18.0
6319,25.0
6320,16.0
6321,21.0
6322,27.0
6323,36.0
6324,29.0
6325,21.0
6326,15.0
6327,42.0
6328,42.0
6329,45.0
6330,47.0
6331,43.0
6332,40.0
6333,40.0
6334,37.0
6335,38.0
6336,42.0
6337,39.0
6338,40.0
6339,39.0
6340,38.0
6341,41.0
6342,39.0
6343,35.0
6344,30.0
6345,27.0
6346,20.0
6347,21.0
6348,32.0
6349,29.0
6350,22.0
6351,25.0
6352,17.0
6353,25.0
6354,29.0
6355,23.0
6356,23.0
6357,15.0
6358,11.0
6359,15.0
6360,11.0
6361,14.0
6362,13.0
6363,11.0
6364,21.0
6365,32.0
6366,20.0
6367,17.0
6368,29.0
6369,32.0
6370,29.0
6371,23.0
6372,33.0
6373,27.0
6374,23.0
6375,27.0
6376,24.0
6377,21.0
6378,29.0
6379,25.0
6380,24.0
6381,14.0
6382,19.0
6383,20.0
6384,20.0
6385,13.0
6386,19.0
6387,14.0
6388,25.0
6389,19.0
6390,13.0
6391,38.0
6392,40.0
6393,33.0
6394,21.0
6395,26.0
6396,15.0
6397,24.0
6398,17.0
6399,23.0
6400,19.0
6401,17.0
6402,12.0
6403,17.0
6404,23.0
6405,26.0
6406,23.0
6407,23.0
6408,15.0
6409,29.0
6410,19.0
6411,24.0
6412,34.0
6413,24.0
6414,33.0
6415,27.0
6416,22.0
6417,32.0
6418,32.0
6419,33.0
6420,32.0
6421,26.0
6422,16.0
6423,30.0
6424,23.0
6425,30.0
6426,37.0
6427,44.0
6428,42.0
6429,36.0
6430,28.0
6431,31.0
6432,32.0
6433,22.0
6434,21.0
6435,21.0
6436,31.0
6437,19.0
6438,35.0
6439,25.0
6440,23.0
6441,15.0
6442,17.0
6443,16.0
6444,16.0
6445,13.0
6446,21.0
6447,18.0
6448,37.0
6449,34.0
6450,25.0
6451,21.0
6452,20.0
6453,29.0
6454,28.0
6455,40.0
6456,39.0
6457,34.0
6458,31.0
6459,25.0
6460,18.0
6461,18.0
6462,23.0
6463,30.0
6464,30.0
6465,38.0
6466,33.0
6467,27.0
6468,19.0
6469,28.0
6470,40.0
6471,48.0
6472,40.0
6473,34.0
6474,33.0
6475,36.0
6476,40.0
6477,34.0
6478,25.0
6479,27.0
6480,28.0
6481,32.0
6482,35.0
6483,27.0
6484,18.0
6485,18.0
6486,19.0
6487,14.0
6488,15.0
6489,24.0
6490,22.0
6491,15.0
6492,26.0
6493,39.0
6494,33.0
6495,30.0
6496,25.0
6497,21.0
6498,18.0
6499,27.0
6500,24.0
6501,20.0
6502,15.0
6503,27.0
6504,23.0
6505,32.0
6506,22.0
6507,19.0
6508,11.0
6509,34.0
6510,32.0
6511,26.0
6512,37.0
6513,30.0
6514,21.0
6515,31.0
6516,28.0
6517,24.0
6518,44.0
6519,38.0
6520,37.0
6521,34.0
6522,29.0
6523,23.0
6524,22.0
6525,25.0
6526,38.0
6527,30.0
6528,29.0
6529,29.0
6530,29.0
6531,24.0
6532,22.0
6533,31.0
6534,27.0
6535,30.0
6536,22.0
6537,24.0
6538,25.0
6539,17.0
6540,28.0
6541,22.0
6542,25.0
6543,15.0
6544,13.0
6545,12.0
6546,14.0
6547,19.0
6548,13.0
6549,26.0
6550,20.0
6551,21.0
6552,12.0
6553,18.0
6554,38.0
6555,32.0
6556,31.0
6557,25.0
6558,27.0
6559,18.0
6560,15.0
6561,37.0
6562,31.0
6563,26.0
6564,23.0
6565,20.0
6566,12.0
6567,17.0
6568,14.0
6569,28.0
6570,33.0
6571,29.0
6572,27.0
6573,21.0
6574,20.0
6575,29.0
6576,26.0
6577,33.0
6578,28.0
6579,20.0
6580,39.0
6581,42.0
6582,46.0
6583,47.0
6584,40.0
6585,40.0
6586,39.0
6587,38.0
6588,33.0
6589,36.0
6590,37.0
6591,36.0
6592,31.0
6593,27.0
6594,27.0
6595,20.0
6596,16.0
6597,15.0
6598,21.0
6599,27.0
6600,27.0
6601,20.0
6602,17.0
6603,13.0
6604,31.0
6605,24.0
6606,25.0
6607,23.0
6608,19.0
6609,12.0
6610,21.0
6611,15.0
6612,16.0
6613,25.0
6614,28.0
6615,21.0
6616,23.0
6617,15.0
6618,11.0
6619,28.0
6620,24.0
6621,20.0
6622,16.0
6623,12.0
6624,34.0
6625,24.0
6626,30.0
6627,24.0
6628,21.0
6629,18.0
6630,30.0
6631,32.0
6632,24.0
6633,21.0
6634,25.0
6635,17.0
6636,12.0
6637,24.0
6638,27.0
6639,27.0
6640,26.0
6641,18.0
6642,19.0
6643,12.0
6644,24.0
6645,21.0
6646,14.0
6647,26.0
6648,28.0
6649,28.0
6650,26.0
6651,19.0
6652,17.0
6653,19.0
6654,18.0
6655,13.0
6656,21.0
6657,18.0
6658,18.0
6659,18.0
6660,11.0
6661,24.0
6662,22.0
6663,17.0
6664,25.0
6665,36.0
6666,24.0
6667,28.0
6668,21.0
6669,21.0
6670,30.0
6671,26.0
6672,27.0
6673,21.0
6674,32.0
6675,26.0
6676,18.0
6677,21.0
6678,13.0
6679,25.0
6680,17.0
6681,15.0
6682,15.0
6683,28.0
6684,23.0
6685,25.0
6686,13.0
6687,17.0
6688,29.0
6689,27.0
6690,28.0
6691,27.0
6692,23.0
6693,17.0
6694,18.0
6695,13.0
6696,12.0
6697,19.0
6698,18.0
6699,21.0
6700,20.0
6701,16.0
6702,12.0
6703,28.0
6704,26.0
6705,20.0
6706,15.0
6707,30.0
6708,33.0
6709,36.0
6710,35.0
6711,32.0
6712,24.0
6713,20.0
6714,20.0
6715,16.0
6716,16.0
6717,25.0
6718,25.0
6719,21.0
6720,17.0
6721,18.0
6722,12.0
6723,12.0
6724,15.0
6725,19.0
6726,18.0
6727,25.0
6728,21.0
6729,21.0
6730,15.0
6731,20.0
6732,15.0
6733,14.0
6734,15.0
6735,19.0
6736,32.0
6737,26.0
6738,21.0
6739,21.0
6740,14.0
6741,15.0
6742,33.0
6743,26.0
6744,32.0
6745,34.0
6746,29.0
6747,22.0
6748,25.0
6749,30.0
6750,20.0
6751,43.0
6752,36.0
6753,36.0
6754,31.0
6755,25.0
6756,21.0
6757,15.0
6758,23.0
6759,22.0
6760,26.0
6761,31.0
6762,30.0
6763,26.0
6764,18.0
6765,20.0
6766,32.0
6767,28.0
6768,22.0
6769,17.0
6770,17.0
6771,25.0
6772,23.0
6773,36.0
6774,32.0
6775,28.0
6776,24.0
6777,22.0
6778,18.0
6779,18.0
6780,11.0
6781,17.0
6782,13.0
6783,11.0
6784,19.0
6785,17.0
6786,21.0
6787,19.0
6788,15.0
6789,12.0
6790,28.0
6791,24.0
6792,20.0
6793,22.0
6794,20.0
6795,14.0
6796,19.0
6797,17.0
6798,33.0
6799,26.0
6800,22.0
6801,30.0
6802,18.0
6803,20.0
6804,14.0
6805,26.0
6806,16.0
6807,25.0
6808,18.0
6809,13.0
6810,13.0
6811,35.0
6812,26.0
6813,23.0
6814,17.0
6815,15.0
6816,20.0
6817,29.0
6818,21.0
6819,24.0
6820,19.0
6821,14.0
6822,18.0
6823,11.0
6824,14.0
6825,17.0
6826,14.0
6827,27.0
6828,32.0
6829,26.0
6830,20.0
6831,19.0
6832,25.0
6833,30.0
6834,21.0
6835,27.0
6836,23.0
6837,21.0
6838,13.0
6839,14.0
6840,29.0
6841,28.0
6842,29.0
6843,22.0
6844,21.0
6845,15.0
6846,24.0
6847,33.0
6848,24.0
6849,23.0
6850,15.0
6851,18.0
6852,31.0
6853,26.0
6854,26.0
6855,27.0
6856,19.0
6857,19.0
6858,13.0
6859,18.0
6860,19.0
6861,15.0
6862,13.0
6863,34.0
6864,21.0
6865,19.0
6866,12.0
6867,19.0
6868,29.0
6869,20.0
6870,33.0
6871,28.0
6872,25.0
6873,21.0
6874,27.0
6875,22.0
6876,23.0
6877,16.0
6878,22.0
6879,26.0
6880,21.0
6881,22.0
6882,18.0
6883,12.0
6884,16.0
6885,14.0
6886,28.0
6887,20.0
6888,19.0
6889,11.0
6890,39.0
6891,32.0
6892,26.0
6893,29.0
6894,27.0
6895,23.0
6896,23.0
6897,14.0
6898,12.0
6899,14.0
6900,13.0
6901,18.0
6902,16.0
6903,12.0
6904,11.0
6905,29.0
6906,21.0
6907,27.0
6908,13.0
6909,15.0
6910,18.0
6911,37.0
6912,26.0
6913,25.0
6914,19.0
6915,15.0
6916,17.0
6917,31.0
6918,24.0
6919,28.0
6920,20.0
6921,20.0
6922,17.0
6923,14.0
6924,14.0
6925,11.0
6926,21.0
6927,20.0
6928,15.0
6929,11.0
6930,30.0
6931,23.0
6932,19.0
6933,14.0
6934,14.0
6935,12.0
6936,16.0
6937,12.0
6938,28.0
6939,31.0
6940,22.0
6941,29.0
6942,20.0
6943,19.0
6944,17.0
6945,19.0
6946,22.0
6947,21.0
6948,14.0
6949,24.0
6950,24.0
6951,14.0
6952,11.0
6953,32.0
6954,30.0
6955,29.0
6956,31.0
6957,26.0
6958,20.0
6959,20.0
6960,16.0
6961,15.0
6962,20.0
6963,30.0
6964,26.0
6965,23.0
6966,22.0
6967,13.0
6968,27.0
6969,30.0
6970,21.0
6971,21.0
6972,11.0
6973,32.0
6974,34.0
6975,27.0
6976,27.0
6977,27.0
6978,22.0
6979,20.0
6980,16.0
6981,13.0
6982,20.0
6983,27.0
6984,18.0
6985,19.0
6986,13.0
6987,13.0
6988,37.0
6989,33.0
6990,25.0
6991,21.0
6992,11.0
6993,23.0
6994,27.0
6995,24.0
6996,21.0
6997,23.0
6998,24.0
6999,19.0
7000,11.0
7001,19.0
7002,18.0
7003,16.0
7004,11.0
7005,13.0
7006,34.0
7007,26.0
7008,16.0
7009,15.0
7010,26.0
7011,35.0
7012,28.0
7013,21.0
7014,25.0
7015,21.0
7016,16.0
7017,16.0
7018,11.0
7019,12.0
7020,13.0
7021,19.0
7022,15.0
7023,25.0
7024,19.0
7025,12.0
7026,15.0
7027,13.0
7028,25.0
7029,26.0
7030,15.0
7031,13.0
7032,32.0
7033,28.0
7034,20.0
7035,29.0
7036,18.0
7037,17.0
7038,12.0
7039,13.0
7040,16.0
7041,11.0
7042,13.0
7043,13.0
7044,13.0
7045,14.0
7046,16.0
7047,20.0
7048,19.0
7049,14.0
7050,13.0
7051,11.0
7052,32.0
7053,40.0
7054,41.0
7055,39.0
7056,43.0
7057,38.0
7058,32.0
7059,33.0
7060,31.0
7061,27.0
7062,27.0
7063,25.0
7064,20.0
7065,28.0
7066,35.0
7067,32.0
7068,33.0
7069,35.0
7070,34.0
7071,31.0
7072,32.0
7073,32.0
7074,30.0
7075,27.0
7076,25.0
7077,19.0
7078,16.0
7079,11.0
7080,12.0
7081,12.0
7082,27.0
7083,15.0
7084,11.0
7085,19.0
7086,23.0
7087,16.0
7088,11.0
7089,13.0
7090,25.0
7091,20.0
7092,13.0
7093,11.0
7094,11.0
7095,22.0
7096,18.0
7097,11.0
7098,20.0
7099,13.0
7100,19.0
7101,13.0
7102,12.0
7103,13.0
7104,11.0
7105,13.0
7106,16.0
7107,21.0
7108,11.0
7109,19.0
7110,21.0
7111,31.0
7112,25.0
7113,24.0
7114,18.0
7115,27.0
7116,16.0
7117,15.0
7118,16.0
7119,24.0
7120,19.0
7121,16.0
7122,16.0
7123,23.0
7124,25.0
7125,20.0
7126,17.0
7127,27.0
7128,17.0
7129,20.0
7130,13.0
7131,13.0
7132,17.0
7133,15.0
7134,21.0
7135,29.0
7136,21.0
7137,23.0
7138,13.0
7139,11.0
7140,16.0
7141,17.0
7142,15.0
7143,30.0
7144,27.0
7145,21.0
7146,22.0
7147,14.0
7148,21.0
7149,25.0
7150,15.0
7151,18.0
7152,20.0
7153,13.0
7154,16.0
7155,31.0
7156,21.0
7157,19.0
7158,15.0
7159,12.0
7160,13.0
7161,12.0
7162,17.0
7163,18.0
7164,14.0
7165,11.0
7166,13.0
7167,12.0
7168,11.0
7169,19.0
7170,17.0
7171,15.0
7172,22.0
7173,25.0
7174,19.0
7175,13.0
7176,17.0
7177,13.0
7178,16.0
7179,40.0
7180,37.0
7181,37.0
7182,32.0
7183,34.0
7184,34.0
7185,32.0
7186,28.0
7187,33.0
7188,32.0
7189,30.0
7190,26.0
7191,23.0
7192,21.0
7193,15.0
7194,13.0
7195,25.0
7196,28.0
7197,18.0
7198,15.0
7199,12.0
7200,28.0
7201,24.0
7202,17.0
7203,12.0
7204,13.0
7205,12.0
7206,12.0
7207,18.0
7208,13.0
7209,13.0
7210,20.0
7211,17.0
7212,15.0
7213,15.0
7214,20.0
7215,15.0
7216,11.0
7217,11.0
7218,13.0
7219,13.0
7220,12.0
7221,17.0
7222,21.0
7223,17.0
7224,11.0
7225,11.0
7226,16.0
7227,14.0
7228,16.0
7229,24.0
7230,31.0
7231,28.0
7232,29.0
7233,29.0
7234,25.0
7235,24.0
7236,18.0
7237,15.0
7238,25.0
7239,19.0
7240,11.0
7241,24.0
7242,28.0
7243,21.0
7244,18.0
7245,13.0
7246,16.0
7247,11.0
7248,11.0
7249,11.0
7250,24.0
7251,32.0
7252,31.0
7253,23.0
7254,23.0
7255,13.0
7256,27.0
7257,16.0
7258,21.0
7259,26.0
7260,34.0
7261,34.0
7262,34.0
7263,32.0
7264,32.0
7265,33.0
7266,29.0
7267,27.0
7268,24.0
7269,20.0
7270,15.0
7271,14.0
7272,12.0
7273,13.0
7274,23.0
7275,19.0
7276,23.0
7277,27.0
7278,21.0
7279,17.0
7280,24.0
7281,21.0
7282,20.0
7283,12.0
7284,14.0
7285,15.0
7286,12.0
7287,17.0
7288,11.0
7289,17.0
7290,18.0
7291,14.0
7292,17.0
7293,23.0
7294,18.0
7295,16.0
7296,12.0
7297,18.0
7298,12.0
7299,17.0
7300,25.0
7301,22.0
7302,18.0
7303,12.0
7304,24.0
7305,25.0
7306,22.0
7307,15.0
7308,11.0
7309,11.0
7310,12.0
7311,22.0
7312,13.0
7313,11.0
7314,14.0
7315,16.0
7316,13.0
7317,12.0
7318,13.0
7319,11.0
7320,32.0
7321,26.0
7322,23.0
7323,18.0
7324,13.0
7325,19.0
7326,15.0
7327,19.0
7328,16.0
7329,12.0
7330,14.0
7331,11.0
7332,16.0
7333,19.0
7334,15.0
7335,18.0
7336,19.0
7337,17.0
7338,11.0
7339,17.0
7340,16.0
7341,12.0
7342,11.0
7343,14.0
7344,11.0
7345,11.0
7346,13.0
7347,13.0
7348,14.0
7349,20.0
7350,12.0
7351,12.0
7352,13.0
7353,16.0
7354,11.0
7355,16.0
7356,15.0
7357,15.0
7358,27.0
7359,23.0
7360,20.0
7361,12.0
7362,12.0
7363,11.0
7364,20.0
7365,21.0
7366,19.0
7367,31.0
7368,36.0
7369,34.0
7370,34.0
7371,37.0
7372,40.0
7373,37.0
7374,35.0
7375,32.0
7376,33.0
7377,33.0
7378,34.0
7379,29.0
7380,28.0
7381,29.0
7382,24.0
7383,23.0
7384,14.0
7385,12.0
7386,12.0
7387,15.0
7388,17.0
7389,15.0
7390,16.0
7391,25.0
7392,16.0
7393,12.0
7394,13.0
7395,16.0
7396,18.0
7397,16.0
7398,21.0
7399,26.0
7400,19.0
7401,11.0
7402,26.0
7403,26.0
7404,29.0
7405,25.0
7406,16.0
7407,16.0
7408,28.0
7409,29.0
7410,25.0
7411,21.0
7412,21.0
7413,18.0
7414,12.0
7415,15.0
7416,11.0
7417,25.0
7418,22.0
7419,15.0
7420,16.0
7421,12.0
7422,11.0
7423,16.0
7424,12.0
7425,21.0
7426,19.0
7427,13.0
7428,26.0
7429,23.0
7430,20.0
7431,14.0
7432,11.0
7433,11.0
7434,19.0
7435,32.0
7436,29.0
7437,26.0
7438,14.0
7439,27.0
7440,30.0
7441,27.0
7442,19.0
7443,15.0
7444,12.0
7445,26.0
7446,26.0
7447,24.0
7448,19.0
7449,20.0
7450,15.0
7451,11.0
7452,15.0
7453,16.0
7454,13.0
7455,14.0
7456,17.0
7457,13.0
7458,15.0
7459,17.0
7460,11.0
7461,21.0
7462,17.0
7463,22.0
7464,18.0
7465,15.0
7466,13.0
7467,17.0
7468,18.0
7469,13.0
7470,16.0
7471,22.0
7472,18.0
7473,28.0
7474,20.0
7475,14.0
7476,13.0
7477,13.0
7478,12.0
7479,14.0
7480,16.0
7481,21.0
7482,21.0
7483,22.0
7484,18.0
7485,12.0
7486,14.0
7487,11.0
7488,17.0
7489,25.0
7490,17.0
7491,12.0
7492,11.0
7493,13.0
7494,27.0
7495,16.0
7496,14.0
7497,22.0
7498,20.0
7499,19.0
7500,17.0
7501,17.0
7502,12.0
7503,19.0
7504,14.0
7505,12.0
7506,11.0
7507,21.0
7508,20.0
7509,25.0
7510,23.0
7511,17.0
7512,16.0
7513,30.0
7514,29.0
7515,23.0
7516,19.0
7517,12.0
7518,24.0
7519,24.0
7520,18.0
7521,12.0
7522,13.0
7523,14.0
7524,22.0
7525,20.0
7526,13.0
7527,16.0
7528,12.0
7529,11.0
7530,22.0
7531,21.0
7532,22.0
7533,17.0
7534,13.0
7535,44.0
7536,26.0
7537,13.0
7538,13.0
7539,16.0
7540,16.0
7541,36.0
7542,12.0
7543,11.0
7544,11.0
7545,12.0
7546,13.0
7547,12.0
7548,12.0
7549,21.0
7550,17.0
7551,13.0
7552,11.0
7553,14.0
7554,17.0
7555,19.0
7556,12.0
7557,20.0
7558,23.0
7559,13.0
7560,16.0
7561,14.0
7562,23.0
7563,31.0
7564,22.0
7565,31.0
7566,29.0
7567,24.0
7568,28.0
7569,18.0
7570,20.0
7571,12.0
7572,11.0
7573,27.0
7574,21.0
7575,20.0
7576,11.0
7577,13.0
7578,14.0
7579,17.0
7580,14.0
7581,12.0
7582,25.0
7583,26.0
7584,30.0
7585,28.0
7586,27.0
7587,33.0
7588,31.0
7589,22.0
7590,20.0
7591,16.0
7592,12.0
7593,12.0
7594,29.0
7595,33.0
7596,35.0
7597,35.0
7598,33.0
7599,32.0
7600,34.0
7601,28.0
7602,26.0
7603,31.0
7604,31.0
7605,28.0
7606,27.0
7607,24.0
7608,23.0
7609,15.0
7610,13.0
7611,21.0
7612,17.0
7613,20.0
7614,21.0
7615,14.0
7616,12.0
7617,18.0
7618,12.0
7619,12.0
7620,20.0
7621,15.0
7622,15.0
7623,11.0
7624,18.0
7625,16.0
7626,26.0
7627,16.0
7628,14.0
7629,12.0
7630,17.0
7631,17.0
7632,13.0
7633,12.0
7634,21.0
7635,17.0
7636,11.0
7637,25.0
7638,25.0
7639,17.0
7640,11.0
7641,14.0
7642,13.0
7643,13.0
7644,19.0
7645,11.0
7646,13.0
7647,15.0
7648,15.0
7649,16.0
7650,13.0
7651,12.0
7652,18.0
7653,11.0
7654,12.0
7655,20.0
7656,13.0
7657,25.0
7658,28.0
7659,20.0
7660,26.0
7661,14.0
7662,11.0
7663,12.0
7664,15.0
7665,12.0
7666,16.0
7667,20.0
7668,15.0
7669,11.0
7670,12.0
7671,12.0
7672,11.0
7673,19.0
7674,17.0
7675,15.0
7676,11.0
7677,12.0
7678,13.0
7679,17.0
7680,16.0
7681,17.0
7682,12.0
7683,16.0
7684,17.0
7685,15.0
7686,13.0
7687,20.0
7688,17.0
7689,12.0
7690,21.0
7691,18.0
7692,11.0
7693,12.0
7694,14.0
7695,12.0
7696,16.0
7697,15.0
7698,13.0
7699,17.0
7700,15.0
7701,12.0
7702,18.0
7703,23.0
7704,19.0
7705,12.0
7706,12.0
7707,16.0
7708,20.0
7709,13.0
7710,17.0
7711,13.0
7712,18.0
7713,13.0
7714,13.0
7715,13.0
7716,15.0
7717,11.0
7718,13.0
7719,14.0
7720,11.0
7721,12.0
7722,18.0
7723,11.0
7724,20.0
7725,15.0
7726,13.0
7727,11.0
